Starting ChromeDriver 148.0.7778.178 (d096af1c9e98c45c3596e59620622b1a049bfecb-refs/branch-heads/7778@{#3196}) on port 9515
Only local connections are allowed.
Please see https://chromedriver.chromium.org/security-considerations for suggestions on keeping ChromeDriver safe.
ChromeDriver was started successfully on port 9515.
[1779734623.818][INFO]: [a35b00a5256d9587b3fd79578b6fec5c] COMMAND InitSession {
   "capabilities": {
      "alwaysMatch": {
         "browserName": "chrome",
         "goog:chromeOptions": {
            "args": [ "--no-sandbox", "--disable-gpu", "--disable-dev-shm-usage" ],
            "binary": "/Applications/Google Chrome.app/Contents/MacOS/Google Chrome"
         }
      },
      "firstMatch": [ {
      } ]
   }
}
[1779734623.818][INFO]: Populating Preferences file: {
   "alternate_error_pages": {
      "enabled": false
   },
   "autofill": {
      "enabled": false
   },
   "browser": {
      "check_default_browser": false
   },
   "distribution": {
      "import_bookmarks": false,
      "import_history": false,
      "import_search_engine": false,
      "make_chrome_default_for_user": false,
      "skip_first_run_ui": true
   },
   "dns_prefetching": {
      "enabled": false
   },
   "profile": {
      "content_settings": {
         "pattern_pairs": {
            "https://*,*": {
               "media-stream": {
                  "audio": "Default",
                  "video": "Default"
               }
            }
         }
      },
      "default_content_setting_values": {
         "geolocation": 1
      },
      "default_content_settings": {
         "geolocation": 1,
         "mouselock": 1,
         "notifications": 1,
         "popups": 1,
         "ppapi-broker": 1
      },
      "password_manager_enabled": false
   },
   "safebrowsing": {
      "enabled": false
   },
   "search": {
      "suggest_enabled": false
   },
   "translate": {
      "enabled": false
   }
}
[1779734623.818][INFO]: Populating Local State file: {
   "background_mode": {
      "enabled": false
   },
   "ssl": {
      "rev_checking": {
         "enabled": false
      }
   }
}
[1779734623.819][INFO]: ChromeDriver supports communication with Chrome via pipes. This is more reliable and more secure.
[1779734623.819][INFO]: Use the --remote-debugging-pipe Chrome switch instead of the default --remote-debugging-port to enable this communication mode.
[1779734623.819][INFO]: Launching chrome: /Applications/Google Chrome.app/Contents/MacOS/Google Chrome --allow-pre-commit-input --disable-background-networking --disable-background-timer-throttling --disable-backgrounding-occluded-windows --disable-client-side-phishing-detection --disable-default-apps --disable-dev-shm-usage --disable-features=IgnoreDuplicateNavs,Prewarm --disable-gpu --disable-hang-monitor --disable-popup-blocking --disable-prompt-on-repost --disable-sync --enable-automation --enable-logging=stderr --log-level=0 --no-first-run --no-sandbox --no-service-autorun --password-store=basic --remote-debugging-port=0 --test-type=webdriver --use-mock-keychain --user-data-dir=/var/folders/gv/l8gky76d2xndz_g46rl38msw0000gn/T/org.chromium.Chromium.scoped_dir.os1aiK data:,
[27611:15662232:0525/214344.095260:INFO:components/enterprise/browser/controller/chrome_browser_cloud_management_controller.cc:238] No machine level policy manager exists.

DevTools listening on ws://127.0.0.1:54450/devtools/browser/86b11dcc-7de9-4268-9352-570eaa9f41a3
[1779734624.197][DEBUG]: DevTools HTTP Request: http://localhost:54450/json/version
[1779734624.541][DEBUG]: DevTools HTTP Response: {
   "Browser": "Chrome/148.0.7778.179",
   "Protocol-Version": "1.3",
   "User-Agent": "Mozilla/5.0 (Macintosh; Intel Mac OS X 10_15_7) AppleWebKit/537.36 (KHTML, like Gecko) Chrome/148.0.0.0 Safari/537.36",
   "V8-Version": "14.8.178.22",
   "WebKit-Version": "537.36 (@4687a88676f95bfbce9ec62314791faae363fea6)",
   "webSocketDebuggerUrl": "ws://localhost:54450/devtools/browser/86b11dcc-7de9-4268-9352-570eaa9f41a3"
}

[1779734624.541][DEBUG]: DevTools HTTP Request: http://localhost:54450/json/list
[1779734624.569][DEBUG]: DevTools HTTP Response: [ {
   "description": "",
   "devtoolsFrontendUrl": "https://chrome-devtools-frontend.appspot.com/serve_rev/@4687a88676f95bfbce9ec62314791faae363fea6/inspector.html?ws=localhost:54450/devtools/page/317BCE1B69ADD5E2CB8896729B0FD2F0",
   "id": "317BCE1B69ADD5E2CB8896729B0FD2F0",
   "title": "data:,",
   "type": "page",
   "url": "data:,",
   "webSocketDebuggerUrl": "ws://localhost:54450/devtools/page/317BCE1B69ADD5E2CB8896729B0FD2F0"
} ]

[1779734624.570][INFO]: resolved localhost to ["::1","127.0.0.1"]
[1779734624.571][DEBUG]: DevTools WebSocket Command: Target.getTargets (id=1) (session_id=) browser {
   "filter": [ {
      "exclude": true,
      "type": "browser"
   }, {
      "exclude": true,
      "type": "page"
   }, {
      "exclude": false
   } ]
}
[1779734624.572][DEBUG]: DevTools WebSocket Response: Target.getTargets (id=1) (session_id=) browser {
   "targetInfos": [ {
      "attached": false,
      "browserContextId": "EF6C584C910733E3C13B6BCF7E1F550F",
      "canAccessOpener": false,
      "targetId": "55FD4219081A9A75008AD7694449CA77",
      "title": "data:,",
      "type": "tab",
      "url": "data:,"
   } ]
}
[1779734624.572][DEBUG]: DevTools WebSocket Command: Target.attachToTarget (id=2) (session_id=) browser {
   "flatten": true,
   "targetId": "55FD4219081A9A75008AD7694449CA77"
}
[1779734624.572][DEBUG]: DevTools WebSocket Event: Target.attachedToTarget (session_id=) browser {
   "sessionId": "333FF0E3C8F8FEAACB509651183A442C",
   "targetInfo": {
      "attached": true,
      "browserContextId": "EF6C584C910733E3C13B6BCF7E1F550F",
      "canAccessOpener": false,
      "targetId": "55FD4219081A9A75008AD7694449CA77",
      "title": "data:,",
      "type": "tab",
      "url": "data:,"
   },
   "waitingForDebugger": false
}
[1779734624.572][DEBUG]: DevTools WebSocket Response: Target.attachToTarget (id=2) (session_id=) browser {
   "sessionId": "333FF0E3C8F8FEAACB509651183A442C"
}
[1779734624.572][DEBUG]: DevTools WebSocket Command: Target.setAutoAttach (id=3) (session_id=333FF0E3C8F8FEAACB509651183A442C) 55FD4219081A9A75008AD7694449CA77 {
   "autoAttach": true,
   "flatten": true,
   "waitForDebuggerOnStart": false
}
[1779734624.573][DEBUG]: DevTools WebSocket Event: Target.attachedToTarget (session_id=333FF0E3C8F8FEAACB509651183A442C) 55FD4219081A9A75008AD7694449CA77 {
   "sessionId": "C343CF4352215FB366222828881A9632",
   "targetInfo": {
      "attached": true,
      "browserContextId": "EF6C584C910733E3C13B6BCF7E1F550F",
      "canAccessOpener": false,
      "targetId": "317BCE1B69ADD5E2CB8896729B0FD2F0",
      "title": "data:,",
      "type": "page",
      "url": "data:,"
   },
   "waitingForDebugger": false
}
[1779734624.573][DEBUG]: DevTools WebSocket Command: Page.enable (id=4) (session_id=C343CF4352215FB366222828881A9632) 317BCE1B69ADD5E2CB8896729B0FD2F0 {
}
[1779734624.573][DEBUG]: DevTools WebSocket Command: Page.addScriptToEvaluateOnNewDocument (id=5) (session_id=C343CF4352215FB366222828881A9632) 317BCE1B69ADD5E2CB8896729B0FD2F0 {
   "source": "(function () {window.cdc_adoQpoasnfa76pfcZLmcfl_Array = window.Array;window.cdc_adoQpoasnfa76pfcZLmcfl_Object = window.Object;window.cdc_adoQpoasnfa76pfcZLmcfl_Promise = window.Promise;window.cdc_a..."
}
[1779734624.573][DEBUG]: DevTools WebSocket Command: Runtime.evaluate (id=6) (session_id=C343CF4352215FB366222828881A9632) 317BCE1B69ADD5E2CB8896729B0FD2F0 {
   "expression": "(function () {window.cdc_adoQpoasnfa76pfcZLmcfl_Array = window.Array;window.cdc_adoQpoasnfa76pfcZLmcfl_Object = window.Object;window.cdc_adoQpoasnfa76pfcZLmcfl_Promise = window.Promise;window.cdc_a..."
}
[1779734624.573][DEBUG]: DevTools WebSocket Command: Log.enable (id=7) (session_id=C343CF4352215FB366222828881A9632) 317BCE1B69ADD5E2CB8896729B0FD2F0 {
}
[1779734624.573][DEBUG]: DevTools WebSocket Command: Target.setAutoAttach (id=8) (session_id=C343CF4352215FB366222828881A9632) 317BCE1B69ADD5E2CB8896729B0FD2F0 {
   "autoAttach": true,
   "flatten": true,
   "waitForDebuggerOnStart": false
}
[1779734624.573][DEBUG]: DevTools WebSocket Response: Target.setAutoAttach (id=3) (session_id=333FF0E3C8F8FEAACB509651183A442C) 55FD4219081A9A75008AD7694449CA77 {
}
[1779734624.573][DEBUG]: DevTools WebSocket Response: Page.enable (id=4) (session_id=C343CF4352215FB366222828881A9632) 317BCE1B69ADD5E2CB8896729B0FD2F0 {
}
[1779734624.573][DEBUG]: DevTools WebSocket Response: Page.addScriptToEvaluateOnNewDocument (id=5) (session_id=C343CF4352215FB366222828881A9632) 317BCE1B69ADD5E2CB8896729B0FD2F0 {
   "identifier": "1"
}
[1779734624.573][DEBUG]: DevTools WebSocket Response: Runtime.evaluate (id=6) (session_id=C343CF4352215FB366222828881A9632) 317BCE1B69ADD5E2CB8896729B0FD2F0 {
   "result": {
      "type": "undefined"
   }
}
[1779734624.573][DEBUG]: DevTools WebSocket Response: Log.enable (id=7) (session_id=C343CF4352215FB366222828881A9632) 317BCE1B69ADD5E2CB8896729B0FD2F0 {
}
[1779734624.573][DEBUG]: DevTools WebSocket Response: Target.setAutoAttach (id=8) (session_id=C343CF4352215FB366222828881A9632) 317BCE1B69ADD5E2CB8896729B0FD2F0 {
}
[1779734624.573][DEBUG]: DevTools WebSocket Command: Runtime.enable (id=9) (session_id=C343CF4352215FB366222828881A9632) 317BCE1B69ADD5E2CB8896729B0FD2F0 {
}
[1779734624.574][DEBUG]: DevTools WebSocket Event: Runtime.executionContextCreated (session_id=C343CF4352215FB366222828881A9632) 317BCE1B69ADD5E2CB8896729B0FD2F0 {
   "context": {
      "auxData": {
         "frameId": "317BCE1B69ADD5E2CB8896729B0FD2F0",
         "isDefault": true,
         "type": "default"
      },
      "id": 1,
      "name": "",
      "origin": "://",
      "uniqueId": "-2277628906506085849.8280418488740066794"
   }
}
[1779734624.574][DEBUG]: DevTools WebSocket Response: Runtime.enable (id=9) (session_id=C343CF4352215FB366222828881A9632) 317BCE1B69ADD5E2CB8896729B0FD2F0 {
}
[1779734624.574][DEBUG]: DevTools WebSocket Command: Runtime.enable (id=10) (session_id=C343CF4352215FB366222828881A9632) 317BCE1B69ADD5E2CB8896729B0FD2F0 {
}
[1779734624.574][DEBUG]: DevTools WebSocket Response: Runtime.enable (id=10) (session_id=C343CF4352215FB366222828881A9632) 317BCE1B69ADD5E2CB8896729B0FD2F0 {
}
[1779734624.574][INFO]: [a35b00a5256d9587b3fd79578b6fec5c] RESPONSE InitSession {
   "capabilities": {
      "acceptInsecureCerts": false,
      "browserName": "chrome",
      "browserVersion": "148.0.7778.179",
      "chrome": {
         "chromedriverVersion": "148.0.7778.178 (d096af1c9e98c45c3596e59620622b1a049bfecb-refs/branch-heads/7778@{#3196})",
         "userDataDir": "/var/folders/gv/l8gky76d2xndz_g46rl38msw0000gn/T/org.chromium.Chromium.scoped_dir.os1aiK"
      },
      "fedcm:accounts": true,
      "goog:chromeOptions": {
         "debuggerAddress": "localhost:54450"
      },
      "goog:processID": 27611,
      "networkConnectionEnabled": false,
      "pageLoadStrategy": "normal",
      "platformName": "mac",
      "proxy": {
      },
      "setWindowRect": true,
      "strictFileInteractability": false,
      "timeouts": {
         "implicit": 0,
         "pageLoad": 300000,
         "script": 30000
      },
      "unhandledPromptBehavior": "dismiss and notify",
      "webauthn:extension:credBlob": true,
      "webauthn:extension:largeBlob": true,
      "webauthn:extension:minPinLength": true,
      "webauthn:extension:prf": true,
      "~~~": "..."
   },
   "sessionId": "a35b00a5256d9587b3fd79578b6fec5c"
}
[1779734624.584][INFO]: [a35b00a5256d9587b3fd79578b6fec5c] COMMAND Navigate {
   "url": "http://localhost:3001/38/"
}
[1779734624.584][INFO]: Waiting for pending navigations...
[1779734624.584][DEBUG]: DevTools WebSocket Command: Runtime.evaluate (id=11) (session_id=C343CF4352215FB366222828881A9632) 317BCE1B69ADD5E2CB8896729B0FD2F0 {
   "expression": "1"
}
[1779734624.589][DEBUG]: DevTools WebSocket Response: Runtime.evaluate (id=11) (session_id=C343CF4352215FB366222828881A9632) 317BCE1B69ADD5E2CB8896729B0FD2F0 {
   "result": {
      "description": "1",
      "type": "number",
      "value": 1
   }
}
[1779734624.589][DEBUG]: DevTools WebSocket Command: Runtime.evaluate (id=12) (session_id=C343CF4352215FB366222828881A9632) 317BCE1B69ADD5E2CB8896729B0FD2F0 {
   "expression": "document",
   "objectGroup": "4d48507c-5244-4e6d-9dbf-ac3d842318f7"
}
[1779734624.595][DEBUG]: DevTools WebSocket Response: Runtime.evaluate (id=12) (session_id=C343CF4352215FB366222828881A9632) 317BCE1B69ADD5E2CB8896729B0FD2F0 {
   "result": {
      "className": "HTMLDocument",
      "description": "#document",
      "objectId": "-1083102726522178199.1.1",
      "subtype": "node",
      "type": "object"
   }
}
[1779734624.596][DEBUG]: DevTools WebSocket Command: DOM.describeNode (id=13) (session_id=C343CF4352215FB366222828881A9632) 317BCE1B69ADD5E2CB8896729B0FD2F0 {
   "objectId": "-1083102726522178199.1.1"
}
[1779734624.599][DEBUG]: DevTools WebSocket Response: DOM.describeNode (id=13) (session_id=C343CF4352215FB366222828881A9632) 317BCE1B69ADD5E2CB8896729B0FD2F0 {
   "node": {
      "backendNodeId": 1,
      "baseURL": "data:,",
      "childNodeCount": 1,
      "compatibilityMode": "NoQuirksMode",
      "documentURL": "data:,",
      "localName": "",
      "nodeId": 0,
      "nodeName": "#document",
      "nodeType": 9,
      "nodeValue": "",
      "xmlVersion": ""
   }
}
[1779734624.599][DEBUG]: DevTools WebSocket Command: Runtime.releaseObjectGroup (id=14) (session_id=C343CF4352215FB366222828881A9632) 317BCE1B69ADD5E2CB8896729B0FD2F0 {
   "objectGroup": "4d48507c-5244-4e6d-9dbf-ac3d842318f7"
}
[1779734624.600][DEBUG]: DevTools WebSocket Command: Runtime.evaluate (id=15) (session_id=C343CF4352215FB366222828881A9632) 317BCE1B69ADD5E2CB8896729B0FD2F0 {
   "awaitPromise": false,
   "expression": "document.readyState",
   "returnByValue": true,
   "uniqueContextId": "-2277628906506085849.8280418488740066794"
}
[1779734624.600][DEBUG]: DevTools WebSocket Response: Runtime.releaseObjectGroup (id=14) (session_id=C343CF4352215FB366222828881A9632) 317BCE1B69ADD5E2CB8896729B0FD2F0 {
}
[1779734624.601][DEBUG]: DevTools WebSocket Response: Runtime.evaluate (id=15) (session_id=C343CF4352215FB366222828881A9632) 317BCE1B69ADD5E2CB8896729B0FD2F0 {
   "result": {
      "type": "string",
      "value": "complete"
   }
}
[1779734624.601][INFO]: Done waiting for pending navigations. Status: ok
[1779734624.601][DEBUG]: DevTools WebSocket Command: Page.navigate (id=16) (session_id=C343CF4352215FB366222828881A9632) 317BCE1B69ADD5E2CB8896729B0FD2F0 {
   "url": "http://localhost:3001/38/"
}
[1779734624.606][DEBUG]: DevTools WebSocket Event: Page.frameStartedNavigating (session_id=C343CF4352215FB366222828881A9632) 317BCE1B69ADD5E2CB8896729B0FD2F0 {
   "frameId": "317BCE1B69ADD5E2CB8896729B0FD2F0",
   "loaderId": "2C21B7B2370530493067CC90F3A2B5D4",
   "navigationType": "differentDocument",
   "url": "http://localhost:3001/38/"
}
[1779734624.606][DEBUG]: DevTools WebSocket Event: Page.frameStartedLoading (session_id=C343CF4352215FB366222828881A9632) 317BCE1B69ADD5E2CB8896729B0FD2F0 {
   "frameId": "317BCE1B69ADD5E2CB8896729B0FD2F0"
}
[1779734624.616][DEBUG]: DevTools WebSocket Response: Page.navigate (id=16) (session_id=C343CF4352215FB366222828881A9632) 317BCE1B69ADD5E2CB8896729B0FD2F0 {
   "frameId": "317BCE1B69ADD5E2CB8896729B0FD2F0",
   "isDownload": false,
   "loaderId": "2C21B7B2370530493067CC90F3A2B5D4"
}
[1779734624.616][INFO]: Waiting for pending navigations...
[1779734624.616][DEBUG]: DevTools WebSocket Command: Runtime.evaluate (id=17) (session_id=C343CF4352215FB366222828881A9632) 317BCE1B69ADD5E2CB8896729B0FD2F0 {
   "expression": "1"
}
[1779734624.649][DEBUG]: DevTools WebSocket Event: Runtime.executionContextsCleared (session_id=C343CF4352215FB366222828881A9632) 317BCE1B69ADD5E2CB8896729B0FD2F0 {
}
[1779734624.649][DEBUG]: DevTools WebSocket Event: Runtime.executionContextsCleared (session_id=C343CF4352215FB366222828881A9632) 317BCE1B69ADD5E2CB8896729B0FD2F0 {
}
[1779734624.649][DEBUG]: DevTools WebSocket Event: Page.frameNavigated (session_id=C343CF4352215FB366222828881A9632) 317BCE1B69ADD5E2CB8896729B0FD2F0 {
   "frame": {
      "adFrameStatus": {
         "adFrameType": "none"
      },
      "crossOriginIsolatedContextType": "NotIsolated",
      "domainAndRegistry": "",
      "gatedAPIFeatures": [  ],
      "id": "317BCE1B69ADD5E2CB8896729B0FD2F0",
      "loaderId": "2C21B7B2370530493067CC90F3A2B5D4",
      "mimeType": "text/html",
      "secureContextType": "SecureLocalhost",
      "securityOrigin": "http://localhost:3001",
      "securityOriginDetails": {
         "isLocalhost": true
      },
      "url": "http://localhost:3001/38/"
   },
   "type": "Navigation"
}
[1779734624.658][DEBUG]: DevTools WebSocket Event: Runtime.executionContextCreated (session_id=C343CF4352215FB366222828881A9632) 317BCE1B69ADD5E2CB8896729B0FD2F0 {
   "context": {
      "auxData": {
         "frameId": "317BCE1B69ADD5E2CB8896729B0FD2F0",
         "isDefault": true,
         "type": "default"
      },
      "id": 1,
      "name": "",
      "origin": "http://localhost:3001",
      "uniqueId": "2750693019167562417.1494659916094996533"
   }
}
[1779734624.667][DEBUG]: DevTools WebSocket Response: Runtime.evaluate (id=17) (session_id=C343CF4352215FB366222828881A9632) 317BCE1B69ADD5E2CB8896729B0FD2F0 {
   "result": {
      "description": "1",
      "type": "number",
      "value": 1
   }
}
[27611:15662232:0525/214344.672122:INFO:CONSOLE:789] "[vite] connecting...", source: http://localhost:3001/38/@vite/client (789)
[1779734624.673][DEBUG]: DevTools WebSocket Event: Runtime.consoleAPICalled (session_id=C343CF4352215FB366222828881A9632) 317BCE1B69ADD5E2CB8896729B0FD2F0 {
   "args": [ {
      "type": "string",
      "value": "[vite] connecting..."
   } ],
   "executionContextId": 1,
   "stackTrace": {
      "callFrames": [ {
         "columnNumber": 8,
         "functionName": "",
         "lineNumber": 788,
         "scriptId": "9",
         "url": "http://localhost:3001/38/@vite/client"
      } ]
   },
   "timestamp": 1.779734624671747e+12,
   "type": "debug"
}
[1779734624.673][DEBUG]: DevTools WebSocket Command: Runtime.evaluate (id=18) (session_id=C343CF4352215FB366222828881A9632) 317BCE1B69ADD5E2CB8896729B0FD2F0 {
   "expression": "1"
}
[1779734624.674][DEBUG]: DevTools WebSocket Response: Runtime.evaluate (id=18) (session_id=C343CF4352215FB366222828881A9632) 317BCE1B69ADD5E2CB8896729B0FD2F0 {
   "result": {
      "description": "1",
      "type": "number",
      "value": 1
   }
}
[27611:15662232:0525/214344.688697:INFO:CONSOLE:912] "[vite] connected.", source: http://localhost:3001/38/@vite/client (912)
[1779734624.689][DEBUG]: DevTools WebSocket Event: Runtime.consoleAPICalled (session_id=C343CF4352215FB366222828881A9632) 317BCE1B69ADD5E2CB8896729B0FD2F0 {
   "args": [ {
      "type": "string",
      "value": "[vite] connected."
   } ],
   "executionContextId": 1,
   "stackTrace": {
      "callFrames": [ {
         "columnNumber": 14,
         "functionName": "handleMessage",
         "lineNumber": 911,
         "scriptId": "9",
         "url": "http://localhost:3001/38/@vite/client"
      }, {
         "columnNumber": 42,
         "functionName": "",
         "lineNumber": 489,
         "scriptId": "9",
         "url": "http://localhost:3001/38/@vite/client"
      }, {
         "columnNumber": 9,
         "functionName": "dequeue",
         "lineNumber": 515,
         "scriptId": "9",
         "url": "http://localhost:3001/38/@vite/client"
      }, {
         "columnNumber": 11,
         "functionName": "",
         "lineNumber": 503,
         "scriptId": "9",
         "url": "http://localhost:3001/38/@vite/client"
      }, {
         "columnNumber": 11,
         "functionName": "enqueue",
         "lineNumber": 497,
         "scriptId": "9",
         "url": "http://localhost:3001/38/@vite/client"
      }, {
         "columnNumber": 28,
         "functionName": "",
         "lineNumber": 489,
         "scriptId": "9",
         "url": "http://localhost:3001/38/@vite/client"
      }, {
         "columnNumber": 10,
         "functionName": "onMessage",
         "lineNumber": 308,
         "scriptId": "9",
         "url": "http://localhost:3001/38/@vite/client"
      }, {
         "columnNumber": 8,
         "functionName": "",
         "lineNumber": 438,
         "scriptId": "9",
         "url": "http://localhost:3001/38/@vite/client"
      } ]
   },
   "timestamp": 1.779734624688614e+12,
   "type": "debug"
}
[1779734624.689][DEBUG]: DevTools WebSocket Command: Runtime.evaluate (id=19) (session_id=C343CF4352215FB366222828881A9632) 317BCE1B69ADD5E2CB8896729B0FD2F0 {
   "expression": "1"
}
[1779734624.690][DEBUG]: DevTools WebSocket Response: Runtime.evaluate (id=19) (session_id=C343CF4352215FB366222828881A9632) 317BCE1B69ADD5E2CB8896729B0FD2F0 {
   "result": {
      "description": "1",
      "type": "number",
      "value": 1
   }
}
[27611:15662232:0525/214344.955275:INFO:CONSOLE:21609] "%cDownload the React DevTools for a better development experience: https://reactjs.org/link/react-devtools font-weight:bold", source: http://localhost:3001/38/node_modules/.vite/deps/chunk-ZJLX5QI4.js?v=fec1d321 (21609)
[1779734624.956][DEBUG]: DevTools WebSocket Event: Runtime.consoleAPICalled (session_id=C343CF4352215FB366222828881A9632) 317BCE1B69ADD5E2CB8896729B0FD2F0 {
   "args": [ {
      "type": "string",
      "value": "%cDownload the React DevTools for a better development experience: https://reactjs.org/link/react-devtools"
   }, {
      "type": "string",
      "value": "font-weight:bold"
   } ],
   "executionContextId": 1,
   "stackTrace": {
      "callFrames": [ {
         "columnNumber": 24,
         "functionName": "",
         "lineNumber": 21608,
         "scriptId": "21",
         "url": "http://localhost:3001/38/node_modules/.vite/deps/chunk-ZJLX5QI4.js?v=fec1d321"
      }, {
         "columnNumber": 8,
         "functionName": "node_modules/react-dom/cjs/react-dom.development.js",
         "lineNumber": 21628,
         "scriptId": "21",
         "url": "http://localhost:3001/38/node_modules/.vite/deps/chunk-ZJLX5QI4.js?v=fec1d321"
      }, {
         "columnNumber": 49,
         "functionName": "__require2",
         "lineNumber": 13,
         "scriptId": "19",
         "url": "http://localhost:3001/38/node_modules/.vite/deps/chunk-PR4QN5HX.js?v=fec1d321"
      }, {
         "columnNumber": 23,
         "functionName": "node_modules/react-dom/index.js",
         "lineNumber": 21641,
         "scriptId": "21",
         "url": "http://localhost:3001/38/node_modules/.vite/deps/chunk-ZJLX5QI4.js?v=fec1d321"
      }, {
         "columnNumber": 49,
         "functionName": "__require2",
         "lineNumber": 13,
         "scriptId": "19",
         "url": "http://localhost:3001/38/node_modules/.vite/deps/chunk-PR4QN5HX.js?v=fec1d321"
      }, {
         "columnNumber": 12,
         "functionName": "node_modules/react-dom/client.js",
         "lineNumber": 11,
         "scriptId": "17",
         "url": "http://localhost:3001/38/node_modules/.vite/deps/react-dom_client.js?v=fec1d321"
      }, {
         "columnNumber": 49,
         "functionName": "__require2",
         "lineNumber": 13,
         "scriptId": "19",
         "url": "http://localhost:3001/38/node_modules/.vite/deps/chunk-PR4QN5HX.js?v=fec1d321"
      }, {
         "columnNumber": 15,
         "functionName": "",
         "lineNumber": 37,
         "scriptId": "17",
         "url": "http://localhost:3001/38/node_modules/.vite/deps/react-dom_client.js?v=fec1d321"
      } ]
   },
   "timestamp": 1.779734624955158e+12,
   "type": "info"
}
[1779734624.956][DEBUG]: DevTools WebSocket Command: Runtime.evaluate (id=20) (session_id=C343CF4352215FB366222828881A9632) 317BCE1B69ADD5E2CB8896729B0FD2F0 {
   "expression": "1"
}
[1779734625.034][DEBUG]: DevTools WebSocket Event: Page.domContentEventFired (session_id=C343CF4352215FB366222828881A9632) 317BCE1B69ADD5E2CB8896729B0FD2F0 {
   "timestamp": 1584571.89054
}
[1779734625.087][DEBUG]: DevTools WebSocket Response: Runtime.evaluate (id=20) (session_id=C343CF4352215FB366222828881A9632) 317BCE1B69ADD5E2CB8896729B0FD2F0 {
   "result": {
      "description": "1",
      "type": "number",
      "value": 1
   }
}
[1779734625.088][DEBUG]: DevTools WebSocket Event: Page.loadEventFired (session_id=C343CF4352215FB366222828881A9632) 317BCE1B69ADD5E2CB8896729B0FD2F0 {
   "timestamp": 1584571.945397
}
[1779734625.088][DEBUG]: DevTools WebSocket Command: Runtime.evaluate (id=21) (session_id=C343CF4352215FB366222828881A9632) 317BCE1B69ADD5E2CB8896729B0FD2F0 {
   "awaitPromise": false,
   "expression": "document.readyState",
   "returnByValue": true,
   "uniqueContextId": "2750693019167562417.1494659916094996533"
}
[1779734625.089][DEBUG]: DevTools WebSocket Event: Page.frameStoppedLoading (session_id=C343CF4352215FB366222828881A9632) 317BCE1B69ADD5E2CB8896729B0FD2F0 {
   "frameId": "317BCE1B69ADD5E2CB8896729B0FD2F0"
}
[27611:15662232:0525/214345.122136:INFO:CONSOLE:88] "[object Object]", source: http://localhost:3001/38/src/components/Startup/dataaccess.tsx (88)
[27611:15662232:0525/214345.130069:INFO:CONSOLE:102] "[object Object]", source: http://localhost:3001/38/src/components/Startup/dataaccess.tsx (102)
[1779734625.132][DEBUG]: DevTools WebSocket Response: Runtime.evaluate (id=21) (session_id=C343CF4352215FB366222828881A9632) 317BCE1B69ADD5E2CB8896729B0FD2F0 {
   "result": {
      "type": "string",
      "value": "complete"
   }
}
[1779734625.132][DEBUG]: DevTools WebSocket Event: Runtime.consoleAPICalled (session_id=C343CF4352215FB366222828881A9632) 317BCE1B69ADD5E2CB8896729B0FD2F0 {
   "args": [ {
      "className": "AxiosError",
      "description": "AxiosError",
      "objectId": "4035418071753636418.1.1",
      "preview": {
         "description": "AxiosError",
         "overflow": true,
         "properties": [ {
            "name": "message",
            "type": "string",
            "value": "Network Error"
         }, {
            "name": "name",
            "type": "string",
            "value": "AxiosError"
         }, {
            "name": "code",
            "type": "string",
            "value": "ERR_NETWORK"
         }, {
            "name": "config",
            "type": "object",
            "value": "Object"
         }, {
            "name": "request",
            "type": "object",
            "value": "XMLHttpRequest"
         } ],
         "type": "object"
      },
      "type": "object"
   } ],
   "executionContextId": 1,
   "stackTrace": {
      "callFrames": [ {
         "columnNumber": 16,
         "functionName": "",
         "lineNumber": 87,
         "scriptId": "51",
         "url": "http://localhost:3001/38/src/components/Startup/dataaccess.tsx"
      } ]
   },
   "timestamp": 1.779734625122059e+12,
   "type": "log"
}
[1779734625.132][DEBUG]: DevTools WebSocket Event: Log.entryAdded (session_id=C343CF4352215FB366222828881A9632) 317BCE1B69ADD5E2CB8896729B0FD2F0 {
   "entry": {
      "level": "error",
      "networkRequestId": "27621.129",
      "source": "network",
      "text": "Failed to load resource: net::ERR_CONNECTION_REFUSED",
      "timestamp": 1.779734625124731e+12,
      "url": "http://localhost:3003/enums"
   }
}
[1779734625.132][DEBUG]: DevTools WebSocket Event: Runtime.consoleAPICalled (session_id=C343CF4352215FB366222828881A9632) 317BCE1B69ADD5E2CB8896729B0FD2F0 {
   "args": [ {
      "className": "AxiosError",
      "description": "AxiosError",
      "objectId": "4035418071753636418.1.2",
      "preview": {
         "description": "AxiosError",
         "overflow": true,
         "properties": [ {
            "name": "message",
            "type": "string",
            "value": "Network Error"
         }, {
            "name": "name",
            "type": "string",
            "value": "AxiosError"
         }, {
            "name": "code",
            "type": "string",
            "value": "ERR_NETWORK"
         }, {
            "name": "config",
            "type": "object",
            "value": "Object"
         }, {
            "name": "request",
            "type": "object",
            "value": "XMLHttpRequest"
         } ],
         "type": "object"
      },
      "type": "object"
   } ],
   "executionContextId": 1,
   "stackTrace": {
      "callFrames": [ {
         "columnNumber": 16,
         "functionName": "",
         "lineNumber": 101,
         "scriptId": "51",
         "url": "http://localhost:3001/38/src/components/Startup/dataaccess.tsx"
      } ]
   },
   "timestamp": 1.779734625129942e+12,
   "type": "log"
}
[1779734625.132][DEBUG]: DevTools WebSocket Event: Log.entryAdded (session_id=C343CF4352215FB366222828881A9632) 317BCE1B69ADD5E2CB8896729B0FD2F0 {
   "entry": {
      "level": "error",
      "networkRequestId": "27621.132",
      "source": "network",
      "text": "Failed to load resource: net::ERR_CONNECTION_REFUSED",
      "timestamp": 1.77973462513003e+12,
      "url": "http://localhost:3003/nomens/array?ids%5B%5D=0&t="
   }
}
[1779734625.132][DEBUG]: DevTools WebSocket Command: Runtime.evaluate (id=22) (session_id=C343CF4352215FB366222828881A9632) 317BCE1B69ADD5E2CB8896729B0FD2F0 {
   "expression": "1"
}
[1779734625.134][DEBUG]: DevTools WebSocket Response: Runtime.evaluate (id=22) (session_id=C343CF4352215FB366222828881A9632) 317BCE1B69ADD5E2CB8896729B0FD2F0 {
   "result": {
      "description": "1",
      "type": "number",
      "value": 1
   }
}
[1779734625.134][INFO]: Done waiting for pending navigations. Status: ok
[1779734625.134][INFO]: [a35b00a5256d9587b3fd79578b6fec5c] RESPONSE Navigate
[1779734625.147][INFO]: [a35b00a5256d9587b3fd79578b6fec5c] COMMAND FindElements {
   "using": "css selector",
   "value": "body"
}
[1779734625.147][INFO]: Waiting for pending navigations...
[1779734625.147][DEBUG]: DevTools WebSocket Command: Runtime.evaluate (id=23) (session_id=C343CF4352215FB366222828881A9632) 317BCE1B69ADD5E2CB8896729B0FD2F0 {
   "expression": "1"
}
[1779734625.150][DEBUG]: DevTools WebSocket Response: Runtime.evaluate (id=23) (session_id=C343CF4352215FB366222828881A9632) 317BCE1B69ADD5E2CB8896729B0FD2F0 {
   "result": {
      "description": "1",
      "type": "number",
      "value": 1
   }
}
[1779734625.150][INFO]: Done waiting for pending navigations. Status: ok
[1779734625.150][DEBUG]: DevTools WebSocket Command: Page.getFrameTree (id=24) (session_id=C343CF4352215FB366222828881A9632) 317BCE1B69ADD5E2CB8896729B0FD2F0 {
}
[1779734625.153][DEBUG]: DevTools WebSocket Response: Page.getFrameTree (id=24) (session_id=C343CF4352215FB366222828881A9632) 317BCE1B69ADD5E2CB8896729B0FD2F0 {
   "frameTree": {
      "frame": {
         "adFrameStatus": {
            "adFrameType": "none"
         },
         "crossOriginIsolatedContextType": "NotIsolated",
         "domainAndRegistry": "",
         "gatedAPIFeatures": [  ],
         "id": "317BCE1B69ADD5E2CB8896729B0FD2F0",
         "loaderId": "2C21B7B2370530493067CC90F3A2B5D4",
         "mimeType": "text/html",
         "secureContextType": "SecureLocalhost",
         "securityOrigin": "http://localhost:3001",
         "securityOriginDetails": {
            "isLocalhost": true
         },
         "url": "http://localhost:3001/38/"
      }
   }
}
[1779734625.153][DEBUG]: DevTools WebSocket Command: Page.getFrameTree (id=25) (session_id=C343CF4352215FB366222828881A9632) 317BCE1B69ADD5E2CB8896729B0FD2F0 {
}
[1779734625.157][DEBUG]: DevTools WebSocket Response: Page.getFrameTree (id=25) (session_id=C343CF4352215FB366222828881A9632) 317BCE1B69ADD5E2CB8896729B0FD2F0 {
   "frameTree": {
      "frame": {
         "adFrameStatus": {
            "adFrameType": "none"
         },
         "crossOriginIsolatedContextType": "NotIsolated",
         "domainAndRegistry": "",
         "gatedAPIFeatures": [  ],
         "id": "317BCE1B69ADD5E2CB8896729B0FD2F0",
         "loaderId": "2C21B7B2370530493067CC90F3A2B5D4",
         "mimeType": "text/html",
         "secureContextType": "SecureLocalhost",
         "securityOrigin": "http://localhost:3001",
         "securityOriginDetails": {
            "isLocalhost": true
         },
         "url": "http://localhost:3001/38/"
      }
   }
}
[1779734625.159][DEBUG]: DevTools WebSocket Command: Runtime.callFunctionOn (id=26) (session_id=C343CF4352215FB366222828881A9632) 317BCE1B69ADD5E2CB8896729B0FD2F0 {
   "arguments": [  ],
   "awaitPromise": true,
   "functionDeclaration": "function(){ return (function() { // Copyright 2012 The Chromium Authors\n// Use of this source code is governed by a BSD-style license that can be\n// found in the LICENSE file.\n\n/**\n * Enum for WebD...",
   "serializationOptions": {
      "serialization": "deep"
   },
   "uniqueContextId": "2750693019167562417.1494659916094996533"
}
[1779734625.165][DEBUG]: DevTools WebSocket Response: Runtime.callFunctionOn (id=26) (session_id=C343CF4352215FB366222828881A9632) 317BCE1B69ADD5E2CB8896729B0FD2F0 {
   "result": {
      "className": "Array",
      "deepSerializedValue": {
         "type": "array",
         "value": [ {
            "type": "string",
            "value": "{\"status\":0,\"value\":[{\"element-6066-11e4-a52e-4f735466cecf\":0}]}"
         }, {
            "type": "node",
            "value": {
               "attributes": {
                  "style": "overflow-y: scroll; background-color: rgb(250, 250, 220);"
               },
               "backendNodeId": 3,
               "childNodeCount": 13,
               "loaderId": "2C21B7B2370530493067CC90F3A2B5D4",
               "localName": "body",
               "namespaceURI": "http://www.w3.org/1999/xhtml",
               "nodeType": 1,
               "shadowRoot": null
            }
         } ]
      },
      "description": "Array(2)",
      "objectId": "4035418071753636418.1.3",
      "subtype": "array",
      "type": "object"
   }
}
[1779734625.166][INFO]: Waiting for pending navigations...
[1779734625.166][DEBUG]: DevTools WebSocket Command: Runtime.evaluate (id=27) (session_id=C343CF4352215FB366222828881A9632) 317BCE1B69ADD5E2CB8896729B0FD2F0 {
   "expression": "1"
}
[1779734625.166][DEBUG]: DevTools WebSocket Response: Runtime.evaluate (id=27) (session_id=C343CF4352215FB366222828881A9632) 317BCE1B69ADD5E2CB8896729B0FD2F0 {
   "result": {
      "description": "1",
      "type": "number",
      "value": 1
   }
}
[1779734625.166][INFO]: Done waiting for pending navigations. Status: ok
[1779734625.166][INFO]: [a35b00a5256d9587b3fd79578b6fec5c] RESPONSE FindElements [ {
   "element-6066-11e4-a52e-4f735466cecf": "f.317BCE1B69ADD5E2CB8896729B0FD2F0.d.2C21B7B2370530493067CC90F3A2B5D4.e.3"
} ]
[1779734625.170][INFO]: [a35b00a5256d9587b3fd79578b6fec5c] COMMAND ExecuteScript {
   "args": [ {
      "ELEMENT": "f.317BCE1B69ADD5E2CB8896729B0FD2F0.d.2C21B7B2370530493067CC90F3A2B5D4.e.3",
      "element-6066-11e4-a52e-4f735466cecf": "f.317BCE1B69ADD5E2CB8896729B0FD2F0.d.2C21B7B2370530493067CC90F3A2B5D4.e.3"
   } ],
   "script": "/* isDisplayed */return (function(){return (function(){var g=this||self;\nfunction aa(a){var b=typeof a;if(\"object\"==b)if(a){if(a instanceof Array)return\"array\";if(a instanceof Object)return b;var c=Object.prototype.toString.call(a);if(\"[object Window]\"==c)return\"object\";if(\"[object Array]\"==c||\"number\"==typeof a.length&&\"undefined\"!=typeof a.splice&&\"undefined\"!=typeof a.propertyIsEnumerable&&!a.propertyIsEnumerable(\"splice\"))return\"array\";if(\"[object Function]\"==c||\"undefined\"!=typeof a.call&&\"undefined\"!=typeof a.propertyIsEnumerable&&!a.propertyIsEnumerable(\"call\"))return\"function\"}else return\"null\";else if(\"function\"==\nb&&\"undefined\"==typeof a.call)return\"object\";return b}function ca(a,b){function c(){}c.prototype=b.prototype;a.prototype=new c;a.prototype.constructor=a};var da=Array.prototype.indexOf?function(a,b){return Array.prototype.indexOf.call(a,b,void 0)}:function(a,b){if(\"string\"===typeof a)return\"string\"!==typeof b||1!=b.length?-1:a.indexOf(b,0);for(var c=0;c\u003Ca.length;c++)if(c in a&&a[c]===b)return c;return-1},ea=Array.prototype.some?function(a,b){return Array.prototype.some.call(a,b,void 0)}:function(a,b){for(var c=a.length,e=\"string\"===typeof a?a.split(\"\"):a,d=0;d\u003Cc;d++)if(d in e&&b.call(void 0,e[d],d,a))return!0;return!1},fa=Array.prototype.every?function(a,\nb){return Array.prototype.every.call(a,b,void 0)}:function(a,b){for(var c=a.length,e=\"string\"===typeof a?a.split(\"\"):a,d=0;d\u003Cc;d++)if(d in e&&!b.call(void 0,e[d],d,a))return!1;return!0};var ha={aliceblue:\"#f0f8ff\",antiquewhite:\"#faebd7\",aqua:\"#00ffff\",aquamarine:\"#7fffd4\",azure:\"#f0ffff\",beige:\"#f5f5dc\",bisque:\"#ffe4c4\",black:\"#000000\",blanchedalmond:\"#ffebcd\",blue:\"#0000ff\",blueviolet:\"#8a2be2\",brown:\"#a52a2a\",burlywood:\"#deb887\",cadetblue:\"#5f9ea0\",chartreuse:\"#7fff00\",chocolate:\"#d2691e\",coral:\"#ff7f50\",cornflowerblue:\"#6495ed\",cornsilk:\"#fff8dc\",crimson:\"#dc143c\",cyan:\"#00ffff\",darkblue:\"#00008b\",darkcyan:\"#008b8b\",darkgoldenrod:\"#b8860b\",darkgray:\"#a9a9a9\",darkgreen:\"#006400\",\ndarkgrey:\"#a9a9a9\",darkkhaki:\"#bdb76b\",darkmagenta:\"#8b008b\",darkolivegreen:\"#556b2f\",darkorange:\"#ff8c00\",darkorchid:\"#9932cc\",darkred:\"#8b0000\",darksalmon:\"#e9967a\",darkseagreen:\"#8fbc8f\",darkslateblue:\"#483d8b\",darkslategray:\"#2f4f4f\",darkslategrey:\"#2f4f4f\",darkturquoise:\"#00ced1\",darkviolet:\"#9400d3\",deeppink:\"#ff1493\",deepskyblue:\"#00bfff\",dimgray:\"#696969\",dimgrey:\"#696969\",dodgerblue:\"#1e90ff\",firebrick:\"#b22222\",floralwhite:\"#fffaf0\",forestgreen:\"#228b22\",fuchsia:\"#ff00ff\",gainsboro:\"#dcdcdc\",\nghostwhite:\"#f8f8ff\",gold:\"#ffd700\",goldenrod:\"#daa520\",gray:\"#808080\",green:\"#008000\",greenyellow:\"#adff2f\",grey:\"#808080\",honeydew:\"#f0fff0\",hotpink:\"#ff69b4\",indianred:\"#cd5c5c\",indigo:\"#4b0082\",ivory:\"#fffff0\",khaki:\"#f0e68c\",lavender:\"#e6e6fa\",lavenderblush:\"#fff0f5\",lawngreen:\"#7cfc00\",lemonchiffon:\"#fffacd\",lightblue:\"#add8e6\",lightcoral:\"#f08080\",lightcyan:\"#e0ffff\",lightgoldenrodyellow:\"#fafad2\",lightgray:\"#d3d3d3\",lightgreen:\"#90ee90\",lightgrey:\"#d3d3d3\",lightpink:\"#ffb6c1\",lightsalmon:\"#ffa07a\",\nlightseagreen:\"#20b2aa\",lightskyblue:\"#87cefa\",lightslategray:\"#778899\",lightslategrey:\"#778899\",lightsteelblue:\"#b0c4de\",lightyellow:\"#ffffe0\",lime:\"#00ff00\",limegreen:\"#32cd32\",linen:\"#faf0e6\",magenta:\"#ff00ff\",maroon:\"#800000\",mediumaquamarine:\"#66cdaa\",mediumblue:\"#0000cd\",mediumorchid:\"#ba55d3\",mediumpurple:\"#9370db\",mediumseagreen:\"#3cb371\",mediumslateblue:\"#7b68ee\",mediumspringgreen:\"#00fa9a\",mediumturquoise:\"#48d1cc\",mediumvioletred:\"#c71585\",midnightblue:\"#191970\",mintcream:\"#f5fffa\",mistyrose:\"#ffe4e1\",\nmoccasin:\"#ffe4b5\",navajowhite:\"#ffdead\",navy:\"#000080\",oldlace:\"#fdf5e6\",olive:\"#808000\",olivedrab:\"#6b8e23\",orange:\"#ffa500\",orangered:\"#ff4500\",orchid:\"#da70d6\",palegoldenrod:\"#eee8aa\",palegreen:\"#98fb98\",paleturquoise:\"#afeeee\",palevioletred:\"#db7093\",papayawhip:\"#ffefd5\",peachpuff:\"#ffdab9\",peru:\"#cd853f\",pink:\"#ffc0cb\",plum:\"#dda0dd\",powderblue:\"#b0e0e6\",purple:\"#800080\",red:\"#ff0000\",rosybrown:\"#bc8f8f\",royalblue:\"#4169e1\",saddlebrown:\"#8b4513\",salmon:\"#fa8072\",sandybrown:\"#f4a460\",seagreen:\"#2e8b57\",\nseashell:\"#fff5ee\",sienna:\"#a0522d\",silver:\"#c0c0c0\",skyblue:\"#87ceeb\",slateblue:\"#6a5acd\",slategray:\"#708090\",slategrey:\"#708090\",snow:\"#fffafa\",springgreen:\"#00ff7f\",steelblue:\"#4682b4\",tan:\"#d2b48c\",teal:\"#008080\",thistle:\"#d8bfd8\",tomato:\"#ff6347\",turquoise:\"#40e0d0\",violet:\"#ee82ee\",wheat:\"#f5deb3\",white:\"#ffffff\",whitesmoke:\"#f5f5f5\",yellow:\"#ffff00\",yellowgreen:\"#9acd32\"};var ia=\"backgroundColor borderTopColor borderRightColor borderBottomColor borderLeftColor color outlineColor\".split(\" \"),ja=/#([0-9a-fA-F])([0-9a-fA-F])([0-9a-fA-F])/,ka=/^#(?:[0-9a-f]{3}){1,2}$/i,la=/^(?:rgba)?\\((\\d{1,3}),\\s?(\\d{1,3}),\\s?(\\d{1,3}),\\s?(0|1|0\\.\\d*)\\)$/i,ma=/^(?:rgb)?\\((0|[1-9]\\d{0,2}),\\s?(0|[1-9]\\d{0,2}),\\s?(0|[1-9]\\d{0,2})\\)$/i;function m(a,b){this.code=a;this.a=p[a]||r;this.message=b||\"\";a=this.a.replace(/((?:^|\\s+)[a-z])/g,function(c){return c.toUpperCase().replace(/^[\\s\\xa0]+/g,\"\")});b=a.length-5;if(0>b||a.indexOf(\"Error\",b)!=b)a+=\"Error\";this.name=a;a=Error(this.message);a.name=this.name;this.stack=a.stack||\"\"}ca(m,Error);var r=\"unknown error\",p={15:\"element not selectable\",11:\"element not visible\"};p[31]=r;p[30]=r;p[24]=\"invalid cookie domain\";p[29]=\"invalid element coordinates\";p[12]=\"invalid element state\";\np[32]=\"invalid selector\";p[51]=\"invalid selector\";p[52]=\"invalid selector\";p[17]=\"javascript error\";p[405]=\"unsupported operation\";p[34]=\"move target out of bounds\";p[27]=\"no such alert\";p[7]=\"no such element\";p[8]=\"no such frame\";p[23]=\"no such window\";p[28]=\"script timeout\";p[33]=\"session not created\";p[10]=\"stale element reference\";p[21]=\"timeout\";p[25]=\"unable to set cookie\";p[26]=\"unexpected alert open\";p[13]=r;p[9]=\"unknown command\";var u=String.prototype.trim?function(a){return a.trim()}:function(a){return/^[\\s\\xa0]*([\\s\\S]*?)[\\s\\xa0]*$/.exec(a)[1]};\nfunction na(a,b){var c=0;a=u(String(a)).split(\".\");b=u(String(b)).split(\".\");for(var e=Math.max(a.length,b.length),d=0;0==c&&d\u003Ce;d++){var f=a[d]||\"\",h=b[d]||\"\";do{f=/(\\d*)(\\D*)(.*)/.exec(f)||[\"\",\"\",\"\",\"\"];h=/(\\d*)(\\D*)(.*)/.exec(h)||[\"\",\"\",\"\",\"\"];if(0==f[0].length&&0==h[0].length)break;c=v(0==f[1].length?0:parseInt(f[1],10),0==h[1].length?0:parseInt(h[1],10))||v(0==f[2].length,0==h[2].length)||v(f[2],h[2]);f=f[3];h=h[3]}while(0==c)}return c}function v(a,b){return a\u003Cb?-1:a>b?1:0};var w;a:{var oa=g.navigator;if(oa){var sa=oa.userAgent;if(sa){w=sa;break a}}w=\"\"}function x(a){return-1!=w.indexOf(a)};function y(){return x(\"Firefox\")||x(\"FxiOS\")}function A(){return(x(\"Chrome\")||x(\"CriOS\"))&&!x(\"Edge\")};function ta(a){return String(a).replace(/\\-([a-z])/g,function(b,c){return c.toUpperCase()})};function B(){return x(\"iPhone\")&&!x(\"iPod\")&&!x(\"iPad\")};function ua(a,b){var c=va;return Object.prototype.hasOwnProperty.call(c,a)?c[a]:c[a]=b(a)};var wa=x(\"Opera\"),C=x(\"Trident\")||x(\"MSIE\"),xa=x(\"Edge\"),ya=x(\"Gecko\")&&!(-1!=w.toLowerCase().indexOf(\"webkit\")&&!x(\"Edge\"))&&!(x(\"Trident\")||x(\"MSIE\"))&&!x(\"Edge\"),za=-1!=w.toLowerCase().indexOf(\"webkit\")&&!x(\"Edge\");function Aa(){var a=g.document;return a?a.documentMode:void 0}var E;\na:{var F=\"\",G=function(){var a=w;if(ya)return/rv:([^\\);]+)(\\)|;)/.exec(a);if(xa)return/Edge\\/([\\d\\.]+)/.exec(a);if(C)return/\\b(?:MSIE|rv)[: ]([^\\);]+)(\\)|;)/.exec(a);if(za)return/WebKit\\/(\\S+)/.exec(a);if(wa)return/(?:Version)[ \\/]?(\\S+)/.exec(a)}();G&&(F=G?G[1]:\"\");if(C){var H=Aa();if(null!=H&&H>parseFloat(F)){E=String(H);break a}}E=F}var va={};function Ba(a){return ua(a,function(){return 0\u003C=na(E,a)})}var I;I=g.document&&C?Aa():void 0;var Ca=y(),Da=B()||x(\"iPod\"),Ea=x(\"iPad\"),Fa=x(\"Android\")&&!(A()||y()||x(\"Opera\")||x(\"Silk\")),Ga=A(),Ha=x(\"Safari\")&&!(A()||x(\"Coast\")||x(\"Opera\")||x(\"Edge\")||x(\"Edg/\")||x(\"OPR\")||y()||x(\"Silk\")||x(\"Android\"))&&!(B()||x(\"iPad\")||x(\"iPod\"));function J(a){return(a=a.exec(w))?a[1]:\"\"}(function(){if(Ca)return J(/Firefox\\/([0-9.]+)/);if(C||xa||wa)return E;if(Ga)return B()||x(\"iPad\")||x(\"iPod\")?J(/CriOS\\/([0-9.]+)/):J(/Chrome\\/([0-9.]+)/);if(Ha&&!(B()||x(\"iPad\")||x(\"iPod\")))return J(/Version\\/([0-9.]+)/);if(Da||Ea){var a=/Version\\/(\\S+).*Mobile\\/(\\S+)/.exec(w);if(a)return a[1]+\".\"+a[2]}else if(Fa)return(a=J(/Android\\s+([0-9.]+)/))?a:J(/Version\\/([0-9.]+)/);return\"\"})();var K;if(K=C)K=!(9\u003C=Number(I));var Ia=K;function L(a,b){this.x=void 0!==a?a:0;this.y=void 0!==b?b:0}L.prototype.ceil=function(){this.x=Math.ceil(this.x);this.y=Math.ceil(this.y);return this};L.prototype.floor=function(){this.x=Math.floor(this.x);this.y=Math.floor(this.y);return this};L.prototype.round=function(){this.x=Math.round(this.x);this.y=Math.round(this.y);return this};function M(a,b){this.width=a;this.height=b}M.prototype.aspectRatio=function(){return this.width/this.height};M.prototype.ceil=function(){this.width=Math.ceil(this.width);this.height=Math.ceil(this.height);return this};M.prototype.floor=function(){this.width=Math.floor(this.width);this.height=Math.floor(this.height);return this};M.prototype.round=function(){this.width=Math.round(this.width);this.height=Math.round(this.height);return this};function N(a){return 9==a.nodeType?a:a.ownerDocument||a.document}function Ja(a,b){a&&(a=a.parentNode);for(var c=0;a;){if(b(a))return a;a=a.parentNode;c++}return null}function Ka(a){this.a=a||g.document||document};function P(a,b){b&&\"string\"!==typeof b&&(b=b.toString());return a instanceof HTMLFormElement?!!a&&1==a.nodeType&&(!b||\"FORM\"==b):!!a&&1==a.nodeType&&(!b||a.tagName.toUpperCase()==b)};function Q(a,b,c,e){this.f=a;this.a=b;this.b=c;this.c=e}Q.prototype.ceil=function(){this.f=Math.ceil(this.f);this.a=Math.ceil(this.a);this.b=Math.ceil(this.b);this.c=Math.ceil(this.c);return this};Q.prototype.floor=function(){this.f=Math.floor(this.f);this.a=Math.floor(this.a);this.b=Math.floor(this.b);this.c=Math.floor(this.c);return this};Q.prototype.round=function(){this.f=Math.round(this.f);this.a=Math.round(this.a);this.b=Math.round(this.b);this.c=Math.round(this.c);return this};function R(a,b,c,e){this.a=a;this.b=b;this.width=c;this.height=e}R.prototype.ceil=function(){this.a=Math.ceil(this.a);this.b=Math.ceil(this.b);this.width=Math.ceil(this.width);this.height=Math.ceil(this.height);return this};R.prototype.floor=function(){this.a=Math.floor(this.a);this.b=Math.floor(this.b);this.width=Math.floor(this.width);this.height=Math.floor(this.height);return this};\nR.prototype.round=function(){this.a=Math.round(this.a);this.b=Math.round(this.b);this.width=Math.round(this.width);this.height=Math.round(this.height);return this};var La=\"function\"===typeof ShadowRoot;function S(a){for(a=a.parentNode;a&&1!=a.nodeType&&9!=a.nodeType&&11!=a.nodeType;)a=a.parentNode;return P(a)?a:null}\nfunction T(a,b){b=ta(b);if(\"float\"==b||\"cssFloat\"==b||\"styleFloat\"==b)b=Ia?\"styleFloat\":\"cssFloat\";a:{var c=b;var e=N(a);if(e.defaultView&&e.defaultView.getComputedStyle&&(e=e.defaultView.getComputedStyle(a,null))){c=e[c]||e.getPropertyValue(c)||\"\";break a}c=\"\"}a=c||Ma(a,b);if(null===a)a=null;else if(0\u003C=da(ia,b)){b:{var d=a.match(la);if(d&&(b=Number(d[1]),c=Number(d[2]),e=Number(d[3]),d=Number(d[4]),0\u003C=b&&255>=b&&0\u003C=c&&255>=c&&0\u003C=e&&255>=e&&0\u003C=d&&1>=d)){b=[b,c,e,d];break b}b=null}if(!b)b:{if(e=a.match(ma))if(b=\nNumber(e[1]),c=Number(e[2]),e=Number(e[3]),0\u003C=b&&255>=b&&0\u003C=c&&255>=c&&0\u003C=e&&255>=e){b=[b,c,e,1];break b}b=null}if(!b)b:{b=a.toLowerCase();c=ha[b.toLowerCase()];if(!c&&(c=\"#\"==b.charAt(0)?b:\"#\"+b,4==c.length&&(c=c.replace(ja,\"#$1$1$2$2$3$3\")),!ka.test(c))){b=null;break b}b=[parseInt(c.substr(1,2),16),parseInt(c.substr(3,2),16),parseInt(c.substr(5,2),16),1]}a=b?\"rgba(\"+b.join(\", \")+\")\":a}return a}\nfunction Ma(a,b){var c=a.currentStyle||a.style,e=c[b];void 0===e&&\"function\"==aa(c.getPropertyValue)&&(e=c.getPropertyValue(b));return\"inherit\"!=e?void 0!==e?e:null:(a=S(a))?Ma(a,b):null}\nfunction U(a,b,c){function e(h){var n=V(h);return 0\u003Cn.height&&0\u003Cn.width?!0:P(h,\"PATH\")&&(0\u003Cn.height||0\u003Cn.width)?(h=T(h,\"stroke-width\"),!!h&&0\u003CparseInt(h,10)):\"hidden\"!=T(h,\"overflow\")&&ea(h.childNodes,function(D){return 3==D.nodeType||P(D)&&e(D)})}function d(h){return Na(h)==W&&fa(h.childNodes,function(n){return!P(n)||d(n)||!e(n)})}if(!P(a))throw Error(\"Argument to isShown must be of type Element\");if(P(a,\"BODY\"))return!0;if(P(a,\"OPTION\")||P(a,\"OPTGROUP\"))return a=Ja(a,function(h){return P(h,\"SELECT\")}),\n!!a&&U(a,!0,c);var f=Oa(a);if(f)return!!f.image&&0\u003Cf.rect.width&&0\u003Cf.rect.height&&U(f.image,b,c);if(P(a,\"INPUT\")&&\"hidden\"==a.type.toLowerCase()||P(a,\"NOSCRIPT\"))return!1;f=T(a,\"visibility\");return\"collapse\"!=f&&\"hidden\"!=f&&c(a)&&(b||0!=Pa(a))&&e(a)?!d(a):!1}var W=\"hidden\";\nfunction Na(a){function b(k){function l(ba){if(ba==h)return!0;var pa=T(ba,\"display\");return 0==pa.lastIndexOf(\"inline\",0)||\"contents\"==pa||\"absolute\"==qa&&\"static\"==T(ba,\"position\")?!1:!0}var qa=T(k,\"position\");if(\"fixed\"==qa)return ra=!0,k==h?null:h;for(k=S(k);k&&!l(k);)k=S(k);return k}function c(k){var l=k;if(\"visible\"==D)if(k==h&&n)l=n;else if(k==n)return{x:\"visible\",y:\"visible\"};l={x:T(l,\"overflow-x\"),y:T(l,\"overflow-y\")};k==h&&(l.x=\"visible\"==l.x?\"auto\":l.x,l.y=\"visible\"==l.y?\"auto\":l.y);return l}\nfunction e(k){if(k==h){var l=(new Ka(f)).a;k=l.scrollingElement?l.scrollingElement:za||\"CSS1Compat\"!=l.compatMode?l.body||l.documentElement:l.documentElement;l=l.parentWindow||l.defaultView;k=C&&Ba(\"10\")&&l.pageYOffset!=k.scrollTop?new L(k.scrollLeft,k.scrollTop):new L(l.pageXOffset||k.scrollLeft,l.pageYOffset||k.scrollTop)}else k=new L(k.scrollLeft,k.scrollTop);return k}var d=Qa(a),f=N(a),h=f.documentElement,n=f.body,D=T(h,\"overflow\"),ra;for(a=b(a);a;a=b(a)){var q=c(a);if(\"visible\"!=q.x||\"visible\"!=\nq.y){var t=V(a);if(0==t.width||0==t.height)return W;var z=d.a\u003Ct.a,O=d.b\u003Ct.b;if(z&&\"hidden\"==q.x||O&&\"hidden\"==q.y)return W;if(z&&\"visible\"!=q.x||O&&\"visible\"!=q.y){z=e(a);O=d.b\u003Ct.b-z.y;if(d.a\u003Ct.a-z.x&&\"visible\"!=q.x||O&&\"visible\"!=q.x)return W;d=Na(a);return d==W?W:\"scroll\"}z=d.c>=t.a+t.width;t=d.f>=t.b+t.height;if(z&&\"hidden\"==q.x||t&&\"hidden\"==q.y)return W;if(z&&\"visible\"!=q.x||t&&\"visible\"!=q.y){if(ra&&(q=e(a),d.c>=h.scrollWidth-q.x||d.a>=h.scrollHeight-q.y))return W;d=Na(a);return d==W?W:\"scroll\"}}}return\"none\"}\nfunction V(a){var b=Oa(a);if(b)return b.rect;if(P(a,\"HTML\"))return a=N(a),a=((a?a.parentWindow||a.defaultView:window)||window).document,a=\"CSS1Compat\"==a.compatMode?a.documentElement:a.body,a=new M(a.clientWidth,a.clientHeight),new R(0,0,a.width,a.height);try{var c=a.getBoundingClientRect()}catch(e){return new R(0,0,0,0)}b=new R(c.left,c.top,c.right-c.left,c.bottom-c.top);C&&a.ownerDocument.body&&(a=N(a),b.a-=a.documentElement.clientLeft+a.body.clientLeft,b.b-=a.documentElement.clientTop+a.body.clientTop);\nreturn b}\nfunction Oa(a){var b=P(a,\"MAP\");if(!b&&!P(a,\"AREA\"))return null;var c=b?a:P(a.parentNode,\"MAP\")?a.parentNode:null,e=null,d=null;if(c&&c.name){e='*[usemap=\"#'+c.name+'\"]';c=N(c);var f;if(f=\"function\"!=aa(c.querySelector)&&C&&(C?0\u003C=na(I,8):Ba(8))){f=c.querySelector;var h=typeof f;f=!(\"object\"==h&&null!=f||\"function\"==h)}if(f)throw Error(\"CSS selection is not supported\");if(!e)throw new m(32,\"No selector specified\");e=u(e);try{var n=c.querySelector(e)}catch(D){throw new m(32,\"An invalid or illegal selector was specified\");}if(e=\nn&&1==n.nodeType?n:null)d=V(e),b||\"default\"==a.shape.toLowerCase()||(a=Ra(a),b=Math.min(Math.max(a.a,0),d.width),n=Math.min(Math.max(a.b,0),d.height),d=new R(b+d.a,n+d.b,Math.min(a.width,d.width-b),Math.min(a.height,d.height-n)))}return{image:e,rect:d||new R(0,0,0,0)}}\nfunction Ra(a){var b=a.shape.toLowerCase();a=a.coords.split(\",\");if(\"rect\"==b&&4==a.length){b=a[0];var c=a[1];return new R(b,c,a[2]-b,a[3]-c)}if(\"circle\"==b&&3==a.length)return b=a[2],new R(a[0]-b,a[1]-b,2*b,2*b);if(\"poly\"==b&&2\u003Ca.length){b=a[0];c=a[1];for(var e=b,d=c,f=2;f+1\u003Ca.length;f+=2)b=Math.min(b,a[f]),e=Math.max(e,a[f]),c=Math.min(c,a[f+1]),d=Math.max(d,a[f+1]);return new R(b,c,e-b,d-c)}return new R(0,0,0,0)}function Qa(a){a=V(a);return new Q(a.b,a.a+a.width,a.b+a.height,a.a)}\nfunction Pa(a){if(Ia){if(\"relative\"==T(a,\"position\"))return 1;a=T(a,\"filter\");return(a=a.match(/^alpha\\(opacity=(\\d*)\\)/)||a.match(/^progid:DXImageTransform.Microsoft.Alpha\\(Opacity=(\\d*)\\)/))?Number(a[1])/100:1}return Sa(a)}function Sa(a){var b=1,c=T(a,\"opacity\");c&&(b=Number(c));(a=S(a))&&(b*=Sa(a));return b};function Ta(a,b){function c(e){if(P(e)&&\"none\"==T(e,\"display\"))return!1;var d;if((d=e.parentNode)&&d.shadowRoot&&void 0!==e.assignedSlot)d=e.assignedSlot?e.assignedSlot.parentNode:null;else if(e.getDestinationInsertionPoints){var f=e.getDestinationInsertionPoints();0\u003Cf.length&&(d=f[f.length-1])}if(La&&d instanceof ShadowRoot){if(d.host.shadowRoot&&d.host.shadowRoot!==d)return!1;d=d.host}return!d||9!=d.nodeType&&11!=d.nodeType?d&&P(d,\"DETAILS\")&&!d.open&&!P(e,\"SUMMARY\")?!1:!!d&&c(d):!0}return U(a,\n!!b,c)}var X=[\"_\"],Y=g;X[0]in Y||\"undefined\"==typeof Y.execScript||Y.execScript(\"var \"+X[0]);for(var Z;X.length&&(Z=X.shift());)X.length||void 0===Ta?Y[Z]&&Y[Z]!==Object.prototype[Z]?Y=Y[Z]:Y=Y[Z]={}:Y[Z]=Ta;; return this._.apply(null,arguments);}).apply({navigator:typeof window!='undefined'?window.navigator:null,document:typeof window!='undefined'?window.document:null}, arguments);}).apply(null, arguments)"
}
[1779734625.170][INFO]: Waiting for pending navigations...
[1779734625.170][DEBUG]: DevTools WebSocket Command: Runtime.evaluate (id=28) (session_id=C343CF4352215FB366222828881A9632) 317BCE1B69ADD5E2CB8896729B0FD2F0 {
   "expression": "1"
}
[1779734625.171][DEBUG]: DevTools WebSocket Response: Runtime.evaluate (id=28) (session_id=C343CF4352215FB366222828881A9632) 317BCE1B69ADD5E2CB8896729B0FD2F0 {
   "result": {
      "description": "1",
      "type": "number",
      "value": 1
   }
}
[1779734625.171][INFO]: Done waiting for pending navigations. Status: ok
[1779734625.171][DEBUG]: DevTools WebSocket Command: Page.getFrameTree (id=29) (session_id=C343CF4352215FB366222828881A9632) 317BCE1B69ADD5E2CB8896729B0FD2F0 {
}
[1779734625.171][DEBUG]: DevTools WebSocket Response: Page.getFrameTree (id=29) (session_id=C343CF4352215FB366222828881A9632) 317BCE1B69ADD5E2CB8896729B0FD2F0 {
   "frameTree": {
      "frame": {
         "adFrameStatus": {
            "adFrameType": "none"
         },
         "crossOriginIsolatedContextType": "NotIsolated",
         "domainAndRegistry": "",
         "gatedAPIFeatures": [  ],
         "id": "317BCE1B69ADD5E2CB8896729B0FD2F0",
         "loaderId": "2C21B7B2370530493067CC90F3A2B5D4",
         "mimeType": "text/html",
         "secureContextType": "SecureLocalhost",
         "securityOrigin": "http://localhost:3001",
         "securityOriginDetails": {
            "isLocalhost": true
         },
         "url": "http://localhost:3001/38/"
      }
   }
}
[1779734625.171][DEBUG]: DevTools WebSocket Command: DOM.resolveNode (id=30) (session_id=C343CF4352215FB366222828881A9632) 317BCE1B69ADD5E2CB8896729B0FD2F0 {
   "backendNodeId": 3,
   "objectGroup": "c91d5f1c-5482-49c9-bf32-5e93fac7dabd"
}
[1779734625.172][DEBUG]: DevTools WebSocket Response: DOM.resolveNode (id=30) (session_id=C343CF4352215FB366222828881A9632) 317BCE1B69ADD5E2CB8896729B0FD2F0 {
   "object": {
      "className": "HTMLBodyElement",
      "description": "body",
      "objectId": "4035418071753636418.1.4",
      "subtype": "node",
      "type": "object"
   }
}
[1779734625.172][DEBUG]: DevTools WebSocket Command: Page.getFrameTree (id=31) (session_id=C343CF4352215FB366222828881A9632) 317BCE1B69ADD5E2CB8896729B0FD2F0 {
}
[1779734625.172][DEBUG]: DevTools WebSocket Response: Page.getFrameTree (id=31) (session_id=C343CF4352215FB366222828881A9632) 317BCE1B69ADD5E2CB8896729B0FD2F0 {
   "frameTree": {
      "frame": {
         "adFrameStatus": {
            "adFrameType": "none"
         },
         "crossOriginIsolatedContextType": "NotIsolated",
         "domainAndRegistry": "",
         "gatedAPIFeatures": [  ],
         "id": "317BCE1B69ADD5E2CB8896729B0FD2F0",
         "loaderId": "2C21B7B2370530493067CC90F3A2B5D4",
         "mimeType": "text/html",
         "secureContextType": "SecureLocalhost",
         "securityOrigin": "http://localhost:3001",
         "securityOriginDetails": {
            "isLocalhost": true
         },
         "url": "http://localhost:3001/38/"
      }
   }
}
[1779734625.173][DEBUG]: DevTools WebSocket Command: Runtime.callFunctionOn (id=32) (session_id=C343CF4352215FB366222828881A9632) 317BCE1B69ADD5E2CB8896729B0FD2F0 {
   "arguments": [ {
      "objectId": "4035418071753636418.1.4"
   } ],
   "awaitPromise": true,
   "functionDeclaration": "function(){ return (function() { // Copyright 2012 The Chromium Authors\n// Use of this source code is governed by a BSD-style license that can be\n// found in the LICENSE file.\n\n/**\n * Enum for WebD...",
   "objectGroup": "c91d5f1c-5482-49c9-bf32-5e93fac7dabd",
   "serializationOptions": {
      "serialization": "deep"
   },
   "uniqueContextId": "2750693019167562417.1494659916094996533"
}
[1779734625.175][DEBUG]: DevTools WebSocket Response: Runtime.callFunctionOn (id=32) (session_id=C343CF4352215FB366222828881A9632) 317BCE1B69ADD5E2CB8896729B0FD2F0 {
   "result": {
      "className": "Array",
      "deepSerializedValue": {
         "type": "array",
         "value": [ {
            "type": "string",
            "value": "{\"status\":0,\"value\":true}"
         } ]
      },
      "description": "Array(1)",
      "objectId": "4035418071753636418.1.5",
      "subtype": "array",
      "type": "object"
   }
}
[1779734625.175][DEBUG]: DevTools WebSocket Command: Runtime.releaseObjectGroup (id=33) (session_id=C343CF4352215FB366222828881A9632) 317BCE1B69ADD5E2CB8896729B0FD2F0 {
   "objectGroup": "c91d5f1c-5482-49c9-bf32-5e93fac7dabd"
}
[1779734625.175][INFO]: Waiting for pending navigations...
[1779734625.175][DEBUG]: DevTools WebSocket Command: Runtime.evaluate (id=34) (session_id=C343CF4352215FB366222828881A9632) 317BCE1B69ADD5E2CB8896729B0FD2F0 {
   "expression": "1"
}
[1779734625.176][DEBUG]: DevTools WebSocket Response: Runtime.releaseObjectGroup (id=33) (session_id=C343CF4352215FB366222828881A9632) 317BCE1B69ADD5E2CB8896729B0FD2F0 {
}
[1779734625.176][DEBUG]: DevTools WebSocket Response: Runtime.evaluate (id=34) (session_id=C343CF4352215FB366222828881A9632) 317BCE1B69ADD5E2CB8896729B0FD2F0 {
   "result": {
      "description": "1",
      "type": "number",
      "value": 1
   }
}
[1779734625.176][INFO]: Done waiting for pending navigations. Status: ok
[1779734625.176][INFO]: [a35b00a5256d9587b3fd79578b6fec5c] RESPONSE ExecuteScript true
[1779734625.193][INFO]: [a35b00a5256d9587b3fd79578b6fec5c] COMMAND Screenshot {
}
[1779734625.193][INFO]: Waiting for pending navigations...
[1779734625.193][DEBUG]: DevTools WebSocket Command: Runtime.evaluate (id=35) (session_id=C343CF4352215FB366222828881A9632) 317BCE1B69ADD5E2CB8896729B0FD2F0 {
   "expression": "1"
}
[1779734625.195][DEBUG]: DevTools WebSocket Response: Runtime.evaluate (id=35) (session_id=C343CF4352215FB366222828881A9632) 317BCE1B69ADD5E2CB8896729B0FD2F0 {
   "result": {
      "description": "1",
      "type": "number",
      "value": 1
   }
}
[1779734625.195][INFO]: Done waiting for pending navigations. Status: ok
[1779734625.195][DEBUG]: DevTools WebSocket Command: Target.activateTarget (id=36) (session_id=) browser {
   "targetId": "317BCE1B69ADD5E2CB8896729B0FD2F0"
}
[1779734625.199][DEBUG]: DevTools WebSocket Response: Target.activateTarget (id=36) (session_id=) browser {
}
[1779734625.200][DEBUG]: DevTools WebSocket Command: Page.captureScreenshot (id=37) (session_id=C343CF4352215FB366222828881A9632) 317BCE1B69ADD5E2CB8896729B0FD2F0 {
}
[1779734625.283][DEBUG]: DevTools WebSocket Response: Page.captureScreenshot (id=37) (session_id=C343CF4352215FB366222828881A9632) 317BCE1B69ADD5E2CB8896729B0FD2F0 {
   "data": "iVBORw0KGgoAAAANSUhEUgAACWAAAATYCAIAAAAUYWvhAAABLGlDQ1BfAAB4nJWQPUsDQRCGH0NA1DSiooXFlWnUJGI+UAsTNWiZKES7y+UIYhKPy4n2af0R1naCjQipbawEKxEbe0Gwje/dFReQFJlhdp59d9jdGYgtIYunoN3x3Eq5aNROTo3JTybkgZlW12G0q..."
}
[1779734625.283][INFO]: Waiting for pending navigations...
[1779734625.283][DEBUG]: DevTools WebSocket Command: Runtime.evaluate (id=38) (session_id=C343CF4352215FB366222828881A9632) 317BCE1B69ADD5E2CB8896729B0FD2F0 {
   "expression": "1"
}
[1779734625.284][DEBUG]: DevTools WebSocket Response: Runtime.evaluate (id=38) (session_id=C343CF4352215FB366222828881A9632) 317BCE1B69ADD5E2CB8896729B0FD2F0 {
   "result": {
      "description": "1",
      "type": "number",
      "value": 1
   }
}
[1779734625.284][INFO]: Done waiting for pending navigations. Status: ok
[1779734625.284][INFO]: [a35b00a5256d9587b3fd79578b6fec5c] RESPONSE Screenshot "iVBORw0KGgoAAAANSUhEUgAACWAAAATYCAIAAAAUYWvhAAABLGlDQ1BfAAB4nJWQPUsDQRCGH0NA1DSiooXFlWnUJGI+UAsTNWiZKES7y+UIYhKPy4n2af0R1naCjQipbawEKxEbe0Gwje/dFReQFJlhdp59d9jdGYgtIYunoN3x3Eq5aNROTo3JTybkgZlW12G0q..."
[1779734625.296][INFO]: [a35b00a5256d9587b3fd79578b6fec5c] COMMAND FindElements {
   "using": "css selector",
   "value": ".ant-dropdown-trigger"
}
[1779734625.296][INFO]: Waiting for pending navigations...
[1779734625.296][DEBUG]: DevTools WebSocket Command: Runtime.evaluate (id=39) (session_id=C343CF4352215FB366222828881A9632) 317BCE1B69ADD5E2CB8896729B0FD2F0 {
   "expression": "1"
}
[1779734625.297][DEBUG]: DevTools WebSocket Response: Runtime.evaluate (id=39) (session_id=C343CF4352215FB366222828881A9632) 317BCE1B69ADD5E2CB8896729B0FD2F0 {
   "result": {
      "description": "1",
      "type": "number",
      "value": 1
   }
}
[1779734625.297][INFO]: Done waiting for pending navigations. Status: ok
[1779734625.297][DEBUG]: DevTools WebSocket Command: Page.getFrameTree (id=40) (session_id=C343CF4352215FB366222828881A9632) 317BCE1B69ADD5E2CB8896729B0FD2F0 {
}
[1779734625.299][DEBUG]: DevTools WebSocket Response: Page.getFrameTree (id=40) (session_id=C343CF4352215FB366222828881A9632) 317BCE1B69ADD5E2CB8896729B0FD2F0 {
   "frameTree": {
      "frame": {
         "adFrameStatus": {
            "adFrameType": "none"
         },
         "crossOriginIsolatedContextType": "NotIsolated",
         "domainAndRegistry": "",
         "gatedAPIFeatures": [  ],
         "id": "317BCE1B69ADD5E2CB8896729B0FD2F0",
         "loaderId": "2C21B7B2370530493067CC90F3A2B5D4",
         "mimeType": "text/html",
         "secureContextType": "SecureLocalhost",
         "securityOrigin": "http://localhost:3001",
         "securityOriginDetails": {
            "isLocalhost": true
         },
         "url": "http://localhost:3001/38/"
      }
   }
}
[1779734625.299][DEBUG]: DevTools WebSocket Command: Page.getFrameTree (id=41) (session_id=C343CF4352215FB366222828881A9632) 317BCE1B69ADD5E2CB8896729B0FD2F0 {
}
[1779734625.300][DEBUG]: DevTools WebSocket Response: Page.getFrameTree (id=41) (session_id=C343CF4352215FB366222828881A9632) 317BCE1B69ADD5E2CB8896729B0FD2F0 {
   "frameTree": {
      "frame": {
         "adFrameStatus": {
            "adFrameType": "none"
         },
         "crossOriginIsolatedContextType": "NotIsolated",
         "domainAndRegistry": "",
         "gatedAPIFeatures": [  ],
         "id": "317BCE1B69ADD5E2CB8896729B0FD2F0",
         "loaderId": "2C21B7B2370530493067CC90F3A2B5D4",
         "mimeType": "text/html",
         "secureContextType": "SecureLocalhost",
         "securityOrigin": "http://localhost:3001",
         "securityOriginDetails": {
            "isLocalhost": true
         },
         "url": "http://localhost:3001/38/"
      }
   }
}
[1779734625.303][DEBUG]: DevTools WebSocket Command: Runtime.callFunctionOn (id=42) (session_id=C343CF4352215FB366222828881A9632) 317BCE1B69ADD5E2CB8896729B0FD2F0 {
   "arguments": [  ],
   "awaitPromise": true,
   "functionDeclaration": "function(){ return (function() { // Copyright 2012 The Chromium Authors\n// Use of this source code is governed by a BSD-style license that can be\n// found in the LICENSE file.\n\n/**\n * Enum for WebD...",
   "serializationOptions": {
      "serialization": "deep"
   },
   "uniqueContextId": "2750693019167562417.1494659916094996533"
}
[1779734625.307][DEBUG]: DevTools WebSocket Response: Runtime.callFunctionOn (id=42) (session_id=C343CF4352215FB366222828881A9632) 317BCE1B69ADD5E2CB8896729B0FD2F0 {
   "result": {
      "className": "Array",
      "deepSerializedValue": {
         "type": "array",
         "value": [ {
            "type": "string",
            "value": "{\"status\":0,\"value\":[]}"
         } ]
      },
      "description": "Array(1)",
      "objectId": "4035418071753636418.1.6",
      "subtype": "array",
      "type": "object"
   }
}
[1779734625.307][INFO]: Waiting for pending navigations...
[1779734625.307][DEBUG]: DevTools WebSocket Command: Runtime.evaluate (id=43) (session_id=C343CF4352215FB366222828881A9632) 317BCE1B69ADD5E2CB8896729B0FD2F0 {
   "expression": "1"
}
[1779734625.308][DEBUG]: DevTools WebSocket Response: Runtime.evaluate (id=43) (session_id=C343CF4352215FB366222828881A9632) 317BCE1B69ADD5E2CB8896729B0FD2F0 {
   "result": {
      "description": "1",
      "type": "number",
      "value": 1
   }
}
[1779734625.308][INFO]: Done waiting for pending navigations. Status: ok
[1779734625.308][INFO]: [a35b00a5256d9587b3fd79578b6fec5c] RESPONSE FindElements [  ]
[27611:15662232:0525/214345.482790:INFO:CONSOLE:3] "[object Object]", source: http://localhost:3001/38/src/modules/Spec/components/dataaccess.tsx (3)
[27611:15662232:0525/214345.482920:INFO:CONSOLE:3] "[object Object]", source: http://localhost:3001/38/src/modules/Spec/components/dataaccess.tsx (3)
[1779734625.813][INFO]: [a35b00a5256d9587b3fd79578b6fec5c] COMMAND FindElements {
   "using": "css selector",
   "value": ".ant-dropdown-trigger"
}
[1779734625.813][DEBUG]: DevTools WebSocket Event: Runtime.consoleAPICalled (session_id=C343CF4352215FB366222828881A9632) 317BCE1B69ADD5E2CB8896729B0FD2F0 {
   "args": [ {
      "className": "AxiosError",
      "description": "AxiosError",
      "objectId": "4035418071753636418.1.7",
      "preview": {
         "description": "AxiosError",
         "overflow": true,
         "properties": [ {
            "name": "message",
            "type": "string",
            "value": "Network Error"
         }, {
            "name": "name",
            "type": "string",
            "value": "AxiosError"
         }, {
            "name": "code",
            "type": "string",
            "value": "ERR_NETWORK"
         }, {
            "name": "config",
            "type": "object",
            "value": "Object"
         }, {
            "name": "request",
            "type": "object",
            "value": "XMLHttpRequest"
         } ],
         "type": "object"
      },
      "type": "object"
   } ],
   "executionContextId": 1,
   "stackTrace": {
      "callFrames": [ {
         "columnNumber": 105,
         "functionName": "",
         "lineNumber": 2,
         "scriptId": "199",
         "url": "http://localhost:3001/38/src/modules/Spec/components/dataaccess.tsx"
      } ]
   },
   "timestamp": 1.77973462548273e+12,
   "type": "log"
}
[1779734625.813][DEBUG]: DevTools WebSocket Event: Log.entryAdded (session_id=C343CF4352215FB366222828881A9632) 317BCE1B69ADD5E2CB8896729B0FD2F0 {
   "entry": {
      "level": "error",
      "networkRequestId": "27621.285",
      "source": "network",
      "text": "Failed to load resource: net::ERR_CONNECTION_REFUSED",
      "timestamp": 1.779734625482815e+12,
      "url": "http://localhost:3003/specs"
   }
}
[1779734625.813][DEBUG]: DevTools WebSocket Event: Runtime.consoleAPICalled (session_id=C343CF4352215FB366222828881A9632) 317BCE1B69ADD5E2CB8896729B0FD2F0 {
   "args": [ {
      "className": "AxiosError",
      "description": "AxiosError",
      "objectId": "4035418071753636418.1.8",
      "preview": {
         "description": "AxiosError",
         "overflow": true,
         "properties": [ {
            "name": "message",
            "type": "string",
            "value": "Network Error"
         }, {
            "name": "name",
            "type": "string",
            "value": "AxiosError"
         }, {
            "name": "code",
            "type": "string",
            "value": "ERR_NETWORK"
         }, {
            "name": "config",
            "type": "object",
            "value": "Object"
         }, {
            "name": "request",
            "type": "object",
            "value": "XMLHttpRequest"
         } ],
         "type": "object"
      },
      "type": "object"
   } ],
   "executionContextId": 1,
   "stackTrace": {
      "callFrames": [ {
         "columnNumber": 105,
         "functionName": "",
         "lineNumber": 2,
         "scriptId": "199",
         "url": "http://localhost:3001/38/src/modules/Spec/components/dataaccess.tsx"
      } ]
   },
   "timestamp": 1.779734625482882e+12,
   "type": "log"
}
[1779734625.813][DEBUG]: DevTools WebSocket Event: Log.entryAdded (session_id=C343CF4352215FB366222828881A9632) 317BCE1B69ADD5E2CB8896729B0FD2F0 {
   "entry": {
      "level": "error",
      "networkRequestId": "27621.286",
      "source": "network",
      "text": "Failed to load resource: net::ERR_CONNECTION_REFUSED",
      "timestamp": 1.779734625482912e+12,
      "url": "http://localhost:3003/specs"
   }
}
[1779734625.813][INFO]: Waiting for pending navigations...
[1779734625.813][DEBUG]: DevTools WebSocket Command: Runtime.evaluate (id=44) (session_id=C343CF4352215FB366222828881A9632) 317BCE1B69ADD5E2CB8896729B0FD2F0 {
   "expression": "1"
}
[1779734625.814][DEBUG]: DevTools WebSocket Response: Runtime.evaluate (id=44) (session_id=C343CF4352215FB366222828881A9632) 317BCE1B69ADD5E2CB8896729B0FD2F0 {
   "result": {
      "description": "1",
      "type": "number",
      "value": 1
   }
}
[1779734625.814][INFO]: Done waiting for pending navigations. Status: ok
[1779734625.814][DEBUG]: DevTools WebSocket Command: Page.getFrameTree (id=45) (session_id=C343CF4352215FB366222828881A9632) 317BCE1B69ADD5E2CB8896729B0FD2F0 {
}
[1779734625.814][DEBUG]: DevTools WebSocket Response: Page.getFrameTree (id=45) (session_id=C343CF4352215FB366222828881A9632) 317BCE1B69ADD5E2CB8896729B0FD2F0 {
   "frameTree": {
      "frame": {
         "adFrameStatus": {
            "adFrameType": "none"
         },
         "crossOriginIsolatedContextType": "NotIsolated",
         "domainAndRegistry": "",
         "gatedAPIFeatures": [  ],
         "id": "317BCE1B69ADD5E2CB8896729B0FD2F0",
         "loaderId": "2C21B7B2370530493067CC90F3A2B5D4",
         "mimeType": "text/html",
         "secureContextType": "SecureLocalhost",
         "securityOrigin": "http://localhost:3001",
         "securityOriginDetails": {
            "isLocalhost": true
         },
         "url": "http://localhost:3001/38/"
      }
   }
}
[1779734625.814][DEBUG]: DevTools WebSocket Command: Page.getFrameTree (id=46) (session_id=C343CF4352215FB366222828881A9632) 317BCE1B69ADD5E2CB8896729B0FD2F0 {
}
[1779734625.814][DEBUG]: DevTools WebSocket Response: Page.getFrameTree (id=46) (session_id=C343CF4352215FB366222828881A9632) 317BCE1B69ADD5E2CB8896729B0FD2F0 {
   "frameTree": {
      "frame": {
         "adFrameStatus": {
            "adFrameType": "none"
         },
         "crossOriginIsolatedContextType": "NotIsolated",
         "domainAndRegistry": "",
         "gatedAPIFeatures": [  ],
         "id": "317BCE1B69ADD5E2CB8896729B0FD2F0",
         "loaderId": "2C21B7B2370530493067CC90F3A2B5D4",
         "mimeType": "text/html",
         "secureContextType": "SecureLocalhost",
         "securityOrigin": "http://localhost:3001",
         "securityOriginDetails": {
            "isLocalhost": true
         },
         "url": "http://localhost:3001/38/"
      }
   }
}
[1779734625.815][DEBUG]: DevTools WebSocket Command: Runtime.callFunctionOn (id=47) (session_id=C343CF4352215FB366222828881A9632) 317BCE1B69ADD5E2CB8896729B0FD2F0 {
   "arguments": [  ],
   "awaitPromise": true,
   "functionDeclaration": "function(){ return (function() { // Copyright 2012 The Chromium Authors\n// Use of this source code is governed by a BSD-style license that can be\n// found in the LICENSE file.\n\n/**\n * Enum for WebD...",
   "serializationOptions": {
      "serialization": "deep"
   },
   "uniqueContextId": "2750693019167562417.1494659916094996533"
}
[1779734625.817][DEBUG]: DevTools WebSocket Response: Runtime.callFunctionOn (id=47) (session_id=C343CF4352215FB366222828881A9632) 317BCE1B69ADD5E2CB8896729B0FD2F0 {
   "result": {
      "className": "Array",
      "deepSerializedValue": {
         "type": "array",
         "value": [ {
            "type": "string",
            "value": "{\"status\":0,\"value\":[{\"element-6066-11e4-a52e-4f735466cecf\":0},{\"element-6066-11e4-a52e-4f735466cecf\":1}]}"
         }, {
            "type": "node",
            "value": {
               "attributes": {
                  "class": "ant-btn css-dev-only-do-not-override-1cgtkqz ant-btn-primary ant-btn-color-primary ant-btn-variant-solid ant-dropdown-trigger bg-primary-400",
                  "type": "button"
               },
               "backendNodeId": 5,
               "childNodeCount": 1,
               "loaderId": "2C21B7B2370530493067CC90F3A2B5D4",
               "localName": "button",
               "namespaceURI": "http://www.w3.org/1999/xhtml",
               "nodeType": 1,
               "shadowRoot": null
            }
         }, {
            "type": "node",
            "value": {
               "attributes": {
                  "class": "ant-btn css-dev-only-do-not-override-1cgtkqz ant-btn-primary ant-btn-color-primary ant-btn-variant-solid ant-dropdown-trigger bg-primary-500 mx-1 uppercase",
                  "type": "button"
               },
               "backendNodeId": 6,
               "childNodeCount": 2,
               "loaderId": "2C21B7B2370530493067CC90F3A2B5D4",
               "localName": "button",
               "namespaceURI": "http://www.w3.org/1999/xhtml",
               "nodeType": 1,
               "shadowRoot": null
            }
         } ]
      },
      "description": "Array(3)",
      "objectId": "4035418071753636418.1.9",
      "subtype": "array",
      "type": "object"
   }
}
[1779734625.817][INFO]: Waiting for pending navigations...
[1779734625.817][DEBUG]: DevTools WebSocket Command: Runtime.evaluate (id=48) (session_id=C343CF4352215FB366222828881A9632) 317BCE1B69ADD5E2CB8896729B0FD2F0 {
   "expression": "1"
}
[1779734625.817][DEBUG]: DevTools WebSocket Response: Runtime.evaluate (id=48) (session_id=C343CF4352215FB366222828881A9632) 317BCE1B69ADD5E2CB8896729B0FD2F0 {
   "result": {
      "description": "1",
      "type": "number",
      "value": 1
   }
}
[1779734625.817][INFO]: Done waiting for pending navigations. Status: ok
[1779734625.817][INFO]: [a35b00a5256d9587b3fd79578b6fec5c] RESPONSE FindElements [ {
   "element-6066-11e4-a52e-4f735466cecf": "f.317BCE1B69ADD5E2CB8896729B0FD2F0.d.2C21B7B2370530493067CC90F3A2B5D4.e.5"
}, {
   "element-6066-11e4-a52e-4f735466cecf": "f.317BCE1B69ADD5E2CB8896729B0FD2F0.d.2C21B7B2370530493067CC90F3A2B5D4.e.6"
} ]
[1779734625.819][INFO]: [a35b00a5256d9587b3fd79578b6fec5c] COMMAND ExecuteScript {
   "args": [ {
      "ELEMENT": "f.317BCE1B69ADD5E2CB8896729B0FD2F0.d.2C21B7B2370530493067CC90F3A2B5D4.e.5",
      "element-6066-11e4-a52e-4f735466cecf": "f.317BCE1B69ADD5E2CB8896729B0FD2F0.d.2C21B7B2370530493067CC90F3A2B5D4.e.5"
   } ],
   "script": "/* isDisplayed */return (function(){return (function(){var g=this||self;\nfunction aa(a){var b=typeof a;if(\"object\"==b)if(a){if(a instanceof Array)return\"array\";if(a instanceof Object)return b;var c=Object.prototype.toString.call(a);if(\"[object Window]\"==c)return\"object\";if(\"[object Array]\"==c||\"number\"==typeof a.length&&\"undefined\"!=typeof a.splice&&\"undefined\"!=typeof a.propertyIsEnumerable&&!a.propertyIsEnumerable(\"splice\"))return\"array\";if(\"[object Function]\"==c||\"undefined\"!=typeof a.call&&\"undefined\"!=typeof a.propertyIsEnumerable&&!a.propertyIsEnumerable(\"call\"))return\"function\"}else return\"null\";else if(\"function\"==\nb&&\"undefined\"==typeof a.call)return\"object\";return b}function ca(a,b){function c(){}c.prototype=b.prototype;a.prototype=new c;a.prototype.constructor=a};var da=Array.prototype.indexOf?function(a,b){return Array.prototype.indexOf.call(a,b,void 0)}:function(a,b){if(\"string\"===typeof a)return\"string\"!==typeof b||1!=b.length?-1:a.indexOf(b,0);for(var c=0;c\u003Ca.length;c++)if(c in a&&a[c]===b)return c;return-1},ea=Array.prototype.some?function(a,b){return Array.prototype.some.call(a,b,void 0)}:function(a,b){for(var c=a.length,e=\"string\"===typeof a?a.split(\"\"):a,d=0;d\u003Cc;d++)if(d in e&&b.call(void 0,e[d],d,a))return!0;return!1},fa=Array.prototype.every?function(a,\nb){return Array.prototype.every.call(a,b,void 0)}:function(a,b){for(var c=a.length,e=\"string\"===typeof a?a.split(\"\"):a,d=0;d\u003Cc;d++)if(d in e&&!b.call(void 0,e[d],d,a))return!1;return!0};var ha={aliceblue:\"#f0f8ff\",antiquewhite:\"#faebd7\",aqua:\"#00ffff\",aquamarine:\"#7fffd4\",azure:\"#f0ffff\",beige:\"#f5f5dc\",bisque:\"#ffe4c4\",black:\"#000000\",blanchedalmond:\"#ffebcd\",blue:\"#0000ff\",blueviolet:\"#8a2be2\",brown:\"#a52a2a\",burlywood:\"#deb887\",cadetblue:\"#5f9ea0\",chartreuse:\"#7fff00\",chocolate:\"#d2691e\",coral:\"#ff7f50\",cornflowerblue:\"#6495ed\",cornsilk:\"#fff8dc\",crimson:\"#dc143c\",cyan:\"#00ffff\",darkblue:\"#00008b\",darkcyan:\"#008b8b\",darkgoldenrod:\"#b8860b\",darkgray:\"#a9a9a9\",darkgreen:\"#006400\",\ndarkgrey:\"#a9a9a9\",darkkhaki:\"#bdb76b\",darkmagenta:\"#8b008b\",darkolivegreen:\"#556b2f\",darkorange:\"#ff8c00\",darkorchid:\"#9932cc\",darkred:\"#8b0000\",darksalmon:\"#e9967a\",darkseagreen:\"#8fbc8f\",darkslateblue:\"#483d8b\",darkslategray:\"#2f4f4f\",darkslategrey:\"#2f4f4f\",darkturquoise:\"#00ced1\",darkviolet:\"#9400d3\",deeppink:\"#ff1493\",deepskyblue:\"#00bfff\",dimgray:\"#696969\",dimgrey:\"#696969\",dodgerblue:\"#1e90ff\",firebrick:\"#b22222\",floralwhite:\"#fffaf0\",forestgreen:\"#228b22\",fuchsia:\"#ff00ff\",gainsboro:\"#dcdcdc\",\nghostwhite:\"#f8f8ff\",gold:\"#ffd700\",goldenrod:\"#daa520\",gray:\"#808080\",green:\"#008000\",greenyellow:\"#adff2f\",grey:\"#808080\",honeydew:\"#f0fff0\",hotpink:\"#ff69b4\",indianred:\"#cd5c5c\",indigo:\"#4b0082\",ivory:\"#fffff0\",khaki:\"#f0e68c\",lavender:\"#e6e6fa\",lavenderblush:\"#fff0f5\",lawngreen:\"#7cfc00\",lemonchiffon:\"#fffacd\",lightblue:\"#add8e6\",lightcoral:\"#f08080\",lightcyan:\"#e0ffff\",lightgoldenrodyellow:\"#fafad2\",lightgray:\"#d3d3d3\",lightgreen:\"#90ee90\",lightgrey:\"#d3d3d3\",lightpink:\"#ffb6c1\",lightsalmon:\"#ffa07a\",\nlightseagreen:\"#20b2aa\",lightskyblue:\"#87cefa\",lightslategray:\"#778899\",lightslategrey:\"#778899\",lightsteelblue:\"#b0c4de\",lightyellow:\"#ffffe0\",lime:\"#00ff00\",limegreen:\"#32cd32\",linen:\"#faf0e6\",magenta:\"#ff00ff\",maroon:\"#800000\",mediumaquamarine:\"#66cdaa\",mediumblue:\"#0000cd\",mediumorchid:\"#ba55d3\",mediumpurple:\"#9370db\",mediumseagreen:\"#3cb371\",mediumslateblue:\"#7b68ee\",mediumspringgreen:\"#00fa9a\",mediumturquoise:\"#48d1cc\",mediumvioletred:\"#c71585\",midnightblue:\"#191970\",mintcream:\"#f5fffa\",mistyrose:\"#ffe4e1\",\nmoccasin:\"#ffe4b5\",navajowhite:\"#ffdead\",navy:\"#000080\",oldlace:\"#fdf5e6\",olive:\"#808000\",olivedrab:\"#6b8e23\",orange:\"#ffa500\",orangered:\"#ff4500\",orchid:\"#da70d6\",palegoldenrod:\"#eee8aa\",palegreen:\"#98fb98\",paleturquoise:\"#afeeee\",palevioletred:\"#db7093\",papayawhip:\"#ffefd5\",peachpuff:\"#ffdab9\",peru:\"#cd853f\",pink:\"#ffc0cb\",plum:\"#dda0dd\",powderblue:\"#b0e0e6\",purple:\"#800080\",red:\"#ff0000\",rosybrown:\"#bc8f8f\",royalblue:\"#4169e1\",saddlebrown:\"#8b4513\",salmon:\"#fa8072\",sandybrown:\"#f4a460\",seagreen:\"#2e8b57\",\nseashell:\"#fff5ee\",sienna:\"#a0522d\",silver:\"#c0c0c0\",skyblue:\"#87ceeb\",slateblue:\"#6a5acd\",slategray:\"#708090\",slategrey:\"#708090\",snow:\"#fffafa\",springgreen:\"#00ff7f\",steelblue:\"#4682b4\",tan:\"#d2b48c\",teal:\"#008080\",thistle:\"#d8bfd8\",tomato:\"#ff6347\",turquoise:\"#40e0d0\",violet:\"#ee82ee\",wheat:\"#f5deb3\",white:\"#ffffff\",whitesmoke:\"#f5f5f5\",yellow:\"#ffff00\",yellowgreen:\"#9acd32\"};var ia=\"backgroundColor borderTopColor borderRightColor borderBottomColor borderLeftColor color outlineColor\".split(\" \"),ja=/#([0-9a-fA-F])([0-9a-fA-F])([0-9a-fA-F])/,ka=/^#(?:[0-9a-f]{3}){1,2}$/i,la=/^(?:rgba)?\\((\\d{1,3}),\\s?(\\d{1,3}),\\s?(\\d{1,3}),\\s?(0|1|0\\.\\d*)\\)$/i,ma=/^(?:rgb)?\\((0|[1-9]\\d{0,2}),\\s?(0|[1-9]\\d{0,2}),\\s?(0|[1-9]\\d{0,2})\\)$/i;function m(a,b){this.code=a;this.a=p[a]||r;this.message=b||\"\";a=this.a.replace(/((?:^|\\s+)[a-z])/g,function(c){return c.toUpperCase().replace(/^[\\s\\xa0]+/g,\"\")});b=a.length-5;if(0>b||a.indexOf(\"Error\",b)!=b)a+=\"Error\";this.name=a;a=Error(this.message);a.name=this.name;this.stack=a.stack||\"\"}ca(m,Error);var r=\"unknown error\",p={15:\"element not selectable\",11:\"element not visible\"};p[31]=r;p[30]=r;p[24]=\"invalid cookie domain\";p[29]=\"invalid element coordinates\";p[12]=\"invalid element state\";\np[32]=\"invalid selector\";p[51]=\"invalid selector\";p[52]=\"invalid selector\";p[17]=\"javascript error\";p[405]=\"unsupported operation\";p[34]=\"move target out of bounds\";p[27]=\"no such alert\";p[7]=\"no such element\";p[8]=\"no such frame\";p[23]=\"no such window\";p[28]=\"script timeout\";p[33]=\"session not created\";p[10]=\"stale element reference\";p[21]=\"timeout\";p[25]=\"unable to set cookie\";p[26]=\"unexpected alert open\";p[13]=r;p[9]=\"unknown command\";var u=String.prototype.trim?function(a){return a.trim()}:function(a){return/^[\\s\\xa0]*([\\s\\S]*?)[\\s\\xa0]*$/.exec(a)[1]};\nfunction na(a,b){var c=0;a=u(String(a)).split(\".\");b=u(String(b)).split(\".\");for(var e=Math.max(a.length,b.length),d=0;0==c&&d\u003Ce;d++){var f=a[d]||\"\",h=b[d]||\"\";do{f=/(\\d*)(\\D*)(.*)/.exec(f)||[\"\",\"\",\"\",\"\"];h=/(\\d*)(\\D*)(.*)/.exec(h)||[\"\",\"\",\"\",\"\"];if(0==f[0].length&&0==h[0].length)break;c=v(0==f[1].length?0:parseInt(f[1],10),0==h[1].length?0:parseInt(h[1],10))||v(0==f[2].length,0==h[2].length)||v(f[2],h[2]);f=f[3];h=h[3]}while(0==c)}return c}function v(a,b){return a\u003Cb?-1:a>b?1:0};var w;a:{var oa=g.navigator;if(oa){var sa=oa.userAgent;if(sa){w=sa;break a}}w=\"\"}function x(a){return-1!=w.indexOf(a)};function y(){return x(\"Firefox\")||x(\"FxiOS\")}function A(){return(x(\"Chrome\")||x(\"CriOS\"))&&!x(\"Edge\")};function ta(a){return String(a).replace(/\\-([a-z])/g,function(b,c){return c.toUpperCase()})};function B(){return x(\"iPhone\")&&!x(\"iPod\")&&!x(\"iPad\")};function ua(a,b){var c=va;return Object.prototype.hasOwnProperty.call(c,a)?c[a]:c[a]=b(a)};var wa=x(\"Opera\"),C=x(\"Trident\")||x(\"MSIE\"),xa=x(\"Edge\"),ya=x(\"Gecko\")&&!(-1!=w.toLowerCase().indexOf(\"webkit\")&&!x(\"Edge\"))&&!(x(\"Trident\")||x(\"MSIE\"))&&!x(\"Edge\"),za=-1!=w.toLowerCase().indexOf(\"webkit\")&&!x(\"Edge\");function Aa(){var a=g.document;return a?a.documentMode:void 0}var E;\na:{var F=\"\",G=function(){var a=w;if(ya)return/rv:([^\\);]+)(\\)|;)/.exec(a);if(xa)return/Edge\\/([\\d\\.]+)/.exec(a);if(C)return/\\b(?:MSIE|rv)[: ]([^\\);]+)(\\)|;)/.exec(a);if(za)return/WebKit\\/(\\S+)/.exec(a);if(wa)return/(?:Version)[ \\/]?(\\S+)/.exec(a)}();G&&(F=G?G[1]:\"\");if(C){var H=Aa();if(null!=H&&H>parseFloat(F)){E=String(H);break a}}E=F}var va={};function Ba(a){return ua(a,function(){return 0\u003C=na(E,a)})}var I;I=g.document&&C?Aa():void 0;var Ca=y(),Da=B()||x(\"iPod\"),Ea=x(\"iPad\"),Fa=x(\"Android\")&&!(A()||y()||x(\"Opera\")||x(\"Silk\")),Ga=A(),Ha=x(\"Safari\")&&!(A()||x(\"Coast\")||x(\"Opera\")||x(\"Edge\")||x(\"Edg/\")||x(\"OPR\")||y()||x(\"Silk\")||x(\"Android\"))&&!(B()||x(\"iPad\")||x(\"iPod\"));function J(a){return(a=a.exec(w))?a[1]:\"\"}(function(){if(Ca)return J(/Firefox\\/([0-9.]+)/);if(C||xa||wa)return E;if(Ga)return B()||x(\"iPad\")||x(\"iPod\")?J(/CriOS\\/([0-9.]+)/):J(/Chrome\\/([0-9.]+)/);if(Ha&&!(B()||x(\"iPad\")||x(\"iPod\")))return J(/Version\\/([0-9.]+)/);if(Da||Ea){var a=/Version\\/(\\S+).*Mobile\\/(\\S+)/.exec(w);if(a)return a[1]+\".\"+a[2]}else if(Fa)return(a=J(/Android\\s+([0-9.]+)/))?a:J(/Version\\/([0-9.]+)/);return\"\"})();var K;if(K=C)K=!(9\u003C=Number(I));var Ia=K;function L(a,b){this.x=void 0!==a?a:0;this.y=void 0!==b?b:0}L.prototype.ceil=function(){this.x=Math.ceil(this.x);this.y=Math.ceil(this.y);return this};L.prototype.floor=function(){this.x=Math.floor(this.x);this.y=Math.floor(this.y);return this};L.prototype.round=function(){this.x=Math.round(this.x);this.y=Math.round(this.y);return this};function M(a,b){this.width=a;this.height=b}M.prototype.aspectRatio=function(){return this.width/this.height};M.prototype.ceil=function(){this.width=Math.ceil(this.width);this.height=Math.ceil(this.height);return this};M.prototype.floor=function(){this.width=Math.floor(this.width);this.height=Math.floor(this.height);return this};M.prototype.round=function(){this.width=Math.round(this.width);this.height=Math.round(this.height);return this};function N(a){return 9==a.nodeType?a:a.ownerDocument||a.document}function Ja(a,b){a&&(a=a.parentNode);for(var c=0;a;){if(b(a))return a;a=a.parentNode;c++}return null}function Ka(a){this.a=a||g.document||document};function P(a,b){b&&\"string\"!==typeof b&&(b=b.toString());return a instanceof HTMLFormElement?!!a&&1==a.nodeType&&(!b||\"FORM\"==b):!!a&&1==a.nodeType&&(!b||a.tagName.toUpperCase()==b)};function Q(a,b,c,e){this.f=a;this.a=b;this.b=c;this.c=e}Q.prototype.ceil=function(){this.f=Math.ceil(this.f);this.a=Math.ceil(this.a);this.b=Math.ceil(this.b);this.c=Math.ceil(this.c);return this};Q.prototype.floor=function(){this.f=Math.floor(this.f);this.a=Math.floor(this.a);this.b=Math.floor(this.b);this.c=Math.floor(this.c);return this};Q.prototype.round=function(){this.f=Math.round(this.f);this.a=Math.round(this.a);this.b=Math.round(this.b);this.c=Math.round(this.c);return this};function R(a,b,c,e){this.a=a;this.b=b;this.width=c;this.height=e}R.prototype.ceil=function(){this.a=Math.ceil(this.a);this.b=Math.ceil(this.b);this.width=Math.ceil(this.width);this.height=Math.ceil(this.height);return this};R.prototype.floor=function(){this.a=Math.floor(this.a);this.b=Math.floor(this.b);this.width=Math.floor(this.width);this.height=Math.floor(this.height);return this};\nR.prototype.round=function(){this.a=Math.round(this.a);this.b=Math.round(this.b);this.width=Math.round(this.width);this.height=Math.round(this.height);return this};var La=\"function\"===typeof ShadowRoot;function S(a){for(a=a.parentNode;a&&1!=a.nodeType&&9!=a.nodeType&&11!=a.nodeType;)a=a.parentNode;return P(a)?a:null}\nfunction T(a,b){b=ta(b);if(\"float\"==b||\"cssFloat\"==b||\"styleFloat\"==b)b=Ia?\"styleFloat\":\"cssFloat\";a:{var c=b;var e=N(a);if(e.defaultView&&e.defaultView.getComputedStyle&&(e=e.defaultView.getComputedStyle(a,null))){c=e[c]||e.getPropertyValue(c)||\"\";break a}c=\"\"}a=c||Ma(a,b);if(null===a)a=null;else if(0\u003C=da(ia,b)){b:{var d=a.match(la);if(d&&(b=Number(d[1]),c=Number(d[2]),e=Number(d[3]),d=Number(d[4]),0\u003C=b&&255>=b&&0\u003C=c&&255>=c&&0\u003C=e&&255>=e&&0\u003C=d&&1>=d)){b=[b,c,e,d];break b}b=null}if(!b)b:{if(e=a.match(ma))if(b=\nNumber(e[1]),c=Number(e[2]),e=Number(e[3]),0\u003C=b&&255>=b&&0\u003C=c&&255>=c&&0\u003C=e&&255>=e){b=[b,c,e,1];break b}b=null}if(!b)b:{b=a.toLowerCase();c=ha[b.toLowerCase()];if(!c&&(c=\"#\"==b.charAt(0)?b:\"#\"+b,4==c.length&&(c=c.replace(ja,\"#$1$1$2$2$3$3\")),!ka.test(c))){b=null;break b}b=[parseInt(c.substr(1,2),16),parseInt(c.substr(3,2),16),parseInt(c.substr(5,2),16),1]}a=b?\"rgba(\"+b.join(\", \")+\")\":a}return a}\nfunction Ma(a,b){var c=a.currentStyle||a.style,e=c[b];void 0===e&&\"function\"==aa(c.getPropertyValue)&&(e=c.getPropertyValue(b));return\"inherit\"!=e?void 0!==e?e:null:(a=S(a))?Ma(a,b):null}\nfunction U(a,b,c){function e(h){var n=V(h);return 0\u003Cn.height&&0\u003Cn.width?!0:P(h,\"PATH\")&&(0\u003Cn.height||0\u003Cn.width)?(h=T(h,\"stroke-width\"),!!h&&0\u003CparseInt(h,10)):\"hidden\"!=T(h,\"overflow\")&&ea(h.childNodes,function(D){return 3==D.nodeType||P(D)&&e(D)})}function d(h){return Na(h)==W&&fa(h.childNodes,function(n){return!P(n)||d(n)||!e(n)})}if(!P(a))throw Error(\"Argument to isShown must be of type Element\");if(P(a,\"BODY\"))return!0;if(P(a,\"OPTION\")||P(a,\"OPTGROUP\"))return a=Ja(a,function(h){return P(h,\"SELECT\")}),\n!!a&&U(a,!0,c);var f=Oa(a);if(f)return!!f.image&&0\u003Cf.rect.width&&0\u003Cf.rect.height&&U(f.image,b,c);if(P(a,\"INPUT\")&&\"hidden\"==a.type.toLowerCase()||P(a,\"NOSCRIPT\"))return!1;f=T(a,\"visibility\");return\"collapse\"!=f&&\"hidden\"!=f&&c(a)&&(b||0!=Pa(a))&&e(a)?!d(a):!1}var W=\"hidden\";\nfunction Na(a){function b(k){function l(ba){if(ba==h)return!0;var pa=T(ba,\"display\");return 0==pa.lastIndexOf(\"inline\",0)||\"contents\"==pa||\"absolute\"==qa&&\"static\"==T(ba,\"position\")?!1:!0}var qa=T(k,\"position\");if(\"fixed\"==qa)return ra=!0,k==h?null:h;for(k=S(k);k&&!l(k);)k=S(k);return k}function c(k){var l=k;if(\"visible\"==D)if(k==h&&n)l=n;else if(k==n)return{x:\"visible\",y:\"visible\"};l={x:T(l,\"overflow-x\"),y:T(l,\"overflow-y\")};k==h&&(l.x=\"visible\"==l.x?\"auto\":l.x,l.y=\"visible\"==l.y?\"auto\":l.y);return l}\nfunction e(k){if(k==h){var l=(new Ka(f)).a;k=l.scrollingElement?l.scrollingElement:za||\"CSS1Compat\"!=l.compatMode?l.body||l.documentElement:l.documentElement;l=l.parentWindow||l.defaultView;k=C&&Ba(\"10\")&&l.pageYOffset!=k.scrollTop?new L(k.scrollLeft,k.scrollTop):new L(l.pageXOffset||k.scrollLeft,l.pageYOffset||k.scrollTop)}else k=new L(k.scrollLeft,k.scrollTop);return k}var d=Qa(a),f=N(a),h=f.documentElement,n=f.body,D=T(h,\"overflow\"),ra;for(a=b(a);a;a=b(a)){var q=c(a);if(\"visible\"!=q.x||\"visible\"!=\nq.y){var t=V(a);if(0==t.width||0==t.height)return W;var z=d.a\u003Ct.a,O=d.b\u003Ct.b;if(z&&\"hidden\"==q.x||O&&\"hidden\"==q.y)return W;if(z&&\"visible\"!=q.x||O&&\"visible\"!=q.y){z=e(a);O=d.b\u003Ct.b-z.y;if(d.a\u003Ct.a-z.x&&\"visible\"!=q.x||O&&\"visible\"!=q.x)return W;d=Na(a);return d==W?W:\"scroll\"}z=d.c>=t.a+t.width;t=d.f>=t.b+t.height;if(z&&\"hidden\"==q.x||t&&\"hidden\"==q.y)return W;if(z&&\"visible\"!=q.x||t&&\"visible\"!=q.y){if(ra&&(q=e(a),d.c>=h.scrollWidth-q.x||d.a>=h.scrollHeight-q.y))return W;d=Na(a);return d==W?W:\"scroll\"}}}return\"none\"}\nfunction V(a){var b=Oa(a);if(b)return b.rect;if(P(a,\"HTML\"))return a=N(a),a=((a?a.parentWindow||a.defaultView:window)||window).document,a=\"CSS1Compat\"==a.compatMode?a.documentElement:a.body,a=new M(a.clientWidth,a.clientHeight),new R(0,0,a.width,a.height);try{var c=a.getBoundingClientRect()}catch(e){return new R(0,0,0,0)}b=new R(c.left,c.top,c.right-c.left,c.bottom-c.top);C&&a.ownerDocument.body&&(a=N(a),b.a-=a.documentElement.clientLeft+a.body.clientLeft,b.b-=a.documentElement.clientTop+a.body.clientTop);\nreturn b}\nfunction Oa(a){var b=P(a,\"MAP\");if(!b&&!P(a,\"AREA\"))return null;var c=b?a:P(a.parentNode,\"MAP\")?a.parentNode:null,e=null,d=null;if(c&&c.name){e='*[usemap=\"#'+c.name+'\"]';c=N(c);var f;if(f=\"function\"!=aa(c.querySelector)&&C&&(C?0\u003C=na(I,8):Ba(8))){f=c.querySelector;var h=typeof f;f=!(\"object\"==h&&null!=f||\"function\"==h)}if(f)throw Error(\"CSS selection is not supported\");if(!e)throw new m(32,\"No selector specified\");e=u(e);try{var n=c.querySelector(e)}catch(D){throw new m(32,\"An invalid or illegal selector was specified\");}if(e=\nn&&1==n.nodeType?n:null)d=V(e),b||\"default\"==a.shape.toLowerCase()||(a=Ra(a),b=Math.min(Math.max(a.a,0),d.width),n=Math.min(Math.max(a.b,0),d.height),d=new R(b+d.a,n+d.b,Math.min(a.width,d.width-b),Math.min(a.height,d.height-n)))}return{image:e,rect:d||new R(0,0,0,0)}}\nfunction Ra(a){var b=a.shape.toLowerCase();a=a.coords.split(\",\");if(\"rect\"==b&&4==a.length){b=a[0];var c=a[1];return new R(b,c,a[2]-b,a[3]-c)}if(\"circle\"==b&&3==a.length)return b=a[2],new R(a[0]-b,a[1]-b,2*b,2*b);if(\"poly\"==b&&2\u003Ca.length){b=a[0];c=a[1];for(var e=b,d=c,f=2;f+1\u003Ca.length;f+=2)b=Math.min(b,a[f]),e=Math.max(e,a[f]),c=Math.min(c,a[f+1]),d=Math.max(d,a[f+1]);return new R(b,c,e-b,d-c)}return new R(0,0,0,0)}function Qa(a){a=V(a);return new Q(a.b,a.a+a.width,a.b+a.height,a.a)}\nfunction Pa(a){if(Ia){if(\"relative\"==T(a,\"position\"))return 1;a=T(a,\"filter\");return(a=a.match(/^alpha\\(opacity=(\\d*)\\)/)||a.match(/^progid:DXImageTransform.Microsoft.Alpha\\(Opacity=(\\d*)\\)/))?Number(a[1])/100:1}return Sa(a)}function Sa(a){var b=1,c=T(a,\"opacity\");c&&(b=Number(c));(a=S(a))&&(b*=Sa(a));return b};function Ta(a,b){function c(e){if(P(e)&&\"none\"==T(e,\"display\"))return!1;var d;if((d=e.parentNode)&&d.shadowRoot&&void 0!==e.assignedSlot)d=e.assignedSlot?e.assignedSlot.parentNode:null;else if(e.getDestinationInsertionPoints){var f=e.getDestinationInsertionPoints();0\u003Cf.length&&(d=f[f.length-1])}if(La&&d instanceof ShadowRoot){if(d.host.shadowRoot&&d.host.shadowRoot!==d)return!1;d=d.host}return!d||9!=d.nodeType&&11!=d.nodeType?d&&P(d,\"DETAILS\")&&!d.open&&!P(e,\"SUMMARY\")?!1:!!d&&c(d):!0}return U(a,\n!!b,c)}var X=[\"_\"],Y=g;X[0]in Y||\"undefined\"==typeof Y.execScript||Y.execScript(\"var \"+X[0]);for(var Z;X.length&&(Z=X.shift());)X.length||void 0===Ta?Y[Z]&&Y[Z]!==Object.prototype[Z]?Y=Y[Z]:Y=Y[Z]={}:Y[Z]=Ta;; return this._.apply(null,arguments);}).apply({navigator:typeof window!='undefined'?window.navigator:null,document:typeof window!='undefined'?window.document:null}, arguments);}).apply(null, arguments)"
}
[1779734625.819][INFO]: Waiting for pending navigations...
[1779734625.819][DEBUG]: DevTools WebSocket Command: Runtime.evaluate (id=49) (session_id=C343CF4352215FB366222828881A9632) 317BCE1B69ADD5E2CB8896729B0FD2F0 {
   "expression": "1"
}
[1779734625.819][DEBUG]: DevTools WebSocket Response: Runtime.evaluate (id=49) (session_id=C343CF4352215FB366222828881A9632) 317BCE1B69ADD5E2CB8896729B0FD2F0 {
   "result": {
      "description": "1",
      "type": "number",
      "value": 1
   }
}
[1779734625.819][INFO]: Done waiting for pending navigations. Status: ok
[1779734625.819][DEBUG]: DevTools WebSocket Command: Page.getFrameTree (id=50) (session_id=C343CF4352215FB366222828881A9632) 317BCE1B69ADD5E2CB8896729B0FD2F0 {
}
[1779734625.819][DEBUG]: DevTools WebSocket Response: Page.getFrameTree (id=50) (session_id=C343CF4352215FB366222828881A9632) 317BCE1B69ADD5E2CB8896729B0FD2F0 {
   "frameTree": {
      "frame": {
         "adFrameStatus": {
            "adFrameType": "none"
         },
         "crossOriginIsolatedContextType": "NotIsolated",
         "domainAndRegistry": "",
         "gatedAPIFeatures": [  ],
         "id": "317BCE1B69ADD5E2CB8896729B0FD2F0",
         "loaderId": "2C21B7B2370530493067CC90F3A2B5D4",
         "mimeType": "text/html",
         "secureContextType": "SecureLocalhost",
         "securityOrigin": "http://localhost:3001",
         "securityOriginDetails": {
            "isLocalhost": true
         },
         "url": "http://localhost:3001/38/"
      }
   }
}
[1779734625.819][DEBUG]: DevTools WebSocket Command: DOM.resolveNode (id=51) (session_id=C343CF4352215FB366222828881A9632) 317BCE1B69ADD5E2CB8896729B0FD2F0 {
   "backendNodeId": 5,
   "objectGroup": "137b281c-7da7-46ac-8941-dd4ce873fbe2"
}
[1779734625.820][DEBUG]: DevTools WebSocket Response: DOM.resolveNode (id=51) (session_id=C343CF4352215FB366222828881A9632) 317BCE1B69ADD5E2CB8896729B0FD2F0 {
   "object": {
      "className": "HTMLButtonElement",
      "description": "button.ant-btn.css-dev-only-do-not-override-1cgtkqz.ant-btn-primary.ant-btn-color-primary.ant-btn-variant-solid.ant-dropdown-trigger.bg-primary-400",
      "objectId": "4035418071753636418.1.10",
      "subtype": "node",
      "type": "object"
   }
}
[1779734625.820][DEBUG]: DevTools WebSocket Command: Page.getFrameTree (id=52) (session_id=C343CF4352215FB366222828881A9632) 317BCE1B69ADD5E2CB8896729B0FD2F0 {
}
[1779734625.820][DEBUG]: DevTools WebSocket Response: Page.getFrameTree (id=52) (session_id=C343CF4352215FB366222828881A9632) 317BCE1B69ADD5E2CB8896729B0FD2F0 {
   "frameTree": {
      "frame": {
         "adFrameStatus": {
            "adFrameType": "none"
         },
         "crossOriginIsolatedContextType": "NotIsolated",
         "domainAndRegistry": "",
         "gatedAPIFeatures": [  ],
         "id": "317BCE1B69ADD5E2CB8896729B0FD2F0",
         "loaderId": "2C21B7B2370530493067CC90F3A2B5D4",
         "mimeType": "text/html",
         "secureContextType": "SecureLocalhost",
         "securityOrigin": "http://localhost:3001",
         "securityOriginDetails": {
            "isLocalhost": true
         },
         "url": "http://localhost:3001/38/"
      }
   }
}
[1779734625.820][DEBUG]: DevTools WebSocket Command: Runtime.callFunctionOn (id=53) (session_id=C343CF4352215FB366222828881A9632) 317BCE1B69ADD5E2CB8896729B0FD2F0 {
   "arguments": [ {
      "objectId": "4035418071753636418.1.10"
   } ],
   "awaitPromise": true,
   "functionDeclaration": "function(){ return (function() { // Copyright 2012 The Chromium Authors\n// Use of this source code is governed by a BSD-style license that can be\n// found in the LICENSE file.\n\n/**\n * Enum for WebD...",
   "objectGroup": "137b281c-7da7-46ac-8941-dd4ce873fbe2",
   "serializationOptions": {
      "serialization": "deep"
   },
   "uniqueContextId": "2750693019167562417.1494659916094996533"
}
[1779734625.823][DEBUG]: DevTools WebSocket Response: Runtime.callFunctionOn (id=53) (session_id=C343CF4352215FB366222828881A9632) 317BCE1B69ADD5E2CB8896729B0FD2F0 {
   "result": {
      "className": "Array",
      "deepSerializedValue": {
         "type": "array",
         "value": [ {
            "type": "string",
            "value": "{\"status\":0,\"value\":true}"
         } ]
      },
      "description": "Array(1)",
      "objectId": "4035418071753636418.1.11",
      "subtype": "array",
      "type": "object"
   }
}
[1779734625.823][DEBUG]: DevTools WebSocket Command: Runtime.releaseObjectGroup (id=54) (session_id=C343CF4352215FB366222828881A9632) 317BCE1B69ADD5E2CB8896729B0FD2F0 {
   "objectGroup": "137b281c-7da7-46ac-8941-dd4ce873fbe2"
}
[1779734625.823][INFO]: Waiting for pending navigations...
[1779734625.824][DEBUG]: DevTools WebSocket Command: Runtime.evaluate (id=55) (session_id=C343CF4352215FB366222828881A9632) 317BCE1B69ADD5E2CB8896729B0FD2F0 {
   "expression": "1"
}
[1779734625.824][DEBUG]: DevTools WebSocket Response: Runtime.releaseObjectGroup (id=54) (session_id=C343CF4352215FB366222828881A9632) 317BCE1B69ADD5E2CB8896729B0FD2F0 {
}
[1779734625.824][DEBUG]: DevTools WebSocket Response: Runtime.evaluate (id=55) (session_id=C343CF4352215FB366222828881A9632) 317BCE1B69ADD5E2CB8896729B0FD2F0 {
   "result": {
      "description": "1",
      "type": "number",
      "value": 1
   }
}
[1779734625.824][INFO]: Done waiting for pending navigations. Status: ok
[1779734625.824][INFO]: [a35b00a5256d9587b3fd79578b6fec5c] RESPONSE ExecuteScript true
[1779734625.826][INFO]: [a35b00a5256d9587b3fd79578b6fec5c] COMMAND FindElements {
   "using": "css selector",
   "value": ".ant-dropdown-trigger"
}
[1779734625.826][INFO]: Waiting for pending navigations...
[1779734625.826][DEBUG]: DevTools WebSocket Command: Runtime.evaluate (id=56) (session_id=C343CF4352215FB366222828881A9632) 317BCE1B69ADD5E2CB8896729B0FD2F0 {
   "expression": "1"
}
[1779734625.827][DEBUG]: DevTools WebSocket Response: Runtime.evaluate (id=56) (session_id=C343CF4352215FB366222828881A9632) 317BCE1B69ADD5E2CB8896729B0FD2F0 {
   "result": {
      "description": "1",
      "type": "number",
      "value": 1
   }
}
[1779734625.827][INFO]: Done waiting for pending navigations. Status: ok
[1779734625.827][DEBUG]: DevTools WebSocket Command: Page.getFrameTree (id=57) (session_id=C343CF4352215FB366222828881A9632) 317BCE1B69ADD5E2CB8896729B0FD2F0 {
}
[1779734625.827][DEBUG]: DevTools WebSocket Response: Page.getFrameTree (id=57) (session_id=C343CF4352215FB366222828881A9632) 317BCE1B69ADD5E2CB8896729B0FD2F0 {
   "frameTree": {
      "frame": {
         "adFrameStatus": {
            "adFrameType": "none"
         },
         "crossOriginIsolatedContextType": "NotIsolated",
         "domainAndRegistry": "",
         "gatedAPIFeatures": [  ],
         "id": "317BCE1B69ADD5E2CB8896729B0FD2F0",
         "loaderId": "2C21B7B2370530493067CC90F3A2B5D4",
         "mimeType": "text/html",
         "secureContextType": "SecureLocalhost",
         "securityOrigin": "http://localhost:3001",
         "securityOriginDetails": {
            "isLocalhost": true
         },
         "url": "http://localhost:3001/38/"
      }
   }
}
[1779734625.827][DEBUG]: DevTools WebSocket Command: Page.getFrameTree (id=58) (session_id=C343CF4352215FB366222828881A9632) 317BCE1B69ADD5E2CB8896729B0FD2F0 {
}
[1779734625.827][DEBUG]: DevTools WebSocket Response: Page.getFrameTree (id=58) (session_id=C343CF4352215FB366222828881A9632) 317BCE1B69ADD5E2CB8896729B0FD2F0 {
   "frameTree": {
      "frame": {
         "adFrameStatus": {
            "adFrameType": "none"
         },
         "crossOriginIsolatedContextType": "NotIsolated",
         "domainAndRegistry": "",
         "gatedAPIFeatures": [  ],
         "id": "317BCE1B69ADD5E2CB8896729B0FD2F0",
         "loaderId": "2C21B7B2370530493067CC90F3A2B5D4",
         "mimeType": "text/html",
         "secureContextType": "SecureLocalhost",
         "securityOrigin": "http://localhost:3001",
         "securityOriginDetails": {
            "isLocalhost": true
         },
         "url": "http://localhost:3001/38/"
      }
   }
}
[1779734625.828][DEBUG]: DevTools WebSocket Command: Runtime.callFunctionOn (id=59) (session_id=C343CF4352215FB366222828881A9632) 317BCE1B69ADD5E2CB8896729B0FD2F0 {
   "arguments": [  ],
   "awaitPromise": true,
   "functionDeclaration": "function(){ return (function() { // Copyright 2012 The Chromium Authors\n// Use of this source code is governed by a BSD-style license that can be\n// found in the LICENSE file.\n\n/**\n * Enum for WebD...",
   "serializationOptions": {
      "serialization": "deep"
   },
   "uniqueContextId": "2750693019167562417.1494659916094996533"
}
[1779734625.829][DEBUG]: DevTools WebSocket Response: Runtime.callFunctionOn (id=59) (session_id=C343CF4352215FB366222828881A9632) 317BCE1B69ADD5E2CB8896729B0FD2F0 {
   "result": {
      "className": "Array",
      "deepSerializedValue": {
         "type": "array",
         "value": [ {
            "type": "string",
            "value": "{\"status\":0,\"value\":[{\"element-6066-11e4-a52e-4f735466cecf\":0},{\"element-6066-11e4-a52e-4f735466cecf\":1}]}"
         }, {
            "type": "node",
            "value": {
               "attributes": {
                  "class": "ant-btn css-dev-only-do-not-override-1cgtkqz ant-btn-primary ant-btn-color-primary ant-btn-variant-solid ant-dropdown-trigger bg-primary-400",
                  "type": "button"
               },
               "backendNodeId": 5,
               "childNodeCount": 1,
               "loaderId": "2C21B7B2370530493067CC90F3A2B5D4",
               "localName": "button",
               "namespaceURI": "http://www.w3.org/1999/xhtml",
               "nodeType": 1,
               "shadowRoot": null
            }
         }, {
            "type": "node",
            "value": {
               "attributes": {
                  "class": "ant-btn css-dev-only-do-not-override-1cgtkqz ant-btn-primary ant-btn-color-primary ant-btn-variant-solid ant-dropdown-trigger bg-primary-500 mx-1 uppercase",
                  "type": "button"
               },
               "backendNodeId": 6,
               "childNodeCount": 2,
               "loaderId": "2C21B7B2370530493067CC90F3A2B5D4",
               "localName": "button",
               "namespaceURI": "http://www.w3.org/1999/xhtml",
               "nodeType": 1,
               "shadowRoot": null
            }
         } ]
      },
      "description": "Array(3)",
      "objectId": "4035418071753636418.1.12",
      "subtype": "array",
      "type": "object"
   }
}
[1779734625.829][INFO]: Waiting for pending navigations...
[1779734625.829][DEBUG]: DevTools WebSocket Command: Runtime.evaluate (id=60) (session_id=C343CF4352215FB366222828881A9632) 317BCE1B69ADD5E2CB8896729B0FD2F0 {
   "expression": "1"
}
[1779734625.829][DEBUG]: DevTools WebSocket Response: Runtime.evaluate (id=60) (session_id=C343CF4352215FB366222828881A9632) 317BCE1B69ADD5E2CB8896729B0FD2F0 {
   "result": {
      "description": "1",
      "type": "number",
      "value": 1
   }
}
[1779734625.829][INFO]: Done waiting for pending navigations. Status: ok
[1779734625.829][INFO]: [a35b00a5256d9587b3fd79578b6fec5c] RESPONSE FindElements [ {
   "element-6066-11e4-a52e-4f735466cecf": "f.317BCE1B69ADD5E2CB8896729B0FD2F0.d.2C21B7B2370530493067CC90F3A2B5D4.e.5"
}, {
   "element-6066-11e4-a52e-4f735466cecf": "f.317BCE1B69ADD5E2CB8896729B0FD2F0.d.2C21B7B2370530493067CC90F3A2B5D4.e.6"
} ]
[1779734625.831][INFO]: [a35b00a5256d9587b3fd79578b6fec5c] COMMAND ClickElement {
   "id": "f.317BCE1B69ADD5E2CB8896729B0FD2F0.d.2C21B7B2370530493067CC90F3A2B5D4.e.5"
}
[1779734625.831][INFO]: Waiting for pending navigations...
[1779734625.831][DEBUG]: DevTools WebSocket Command: Runtime.evaluate (id=61) (session_id=C343CF4352215FB366222828881A9632) 317BCE1B69ADD5E2CB8896729B0FD2F0 {
   "expression": "1"
}
[1779734625.831][DEBUG]: DevTools WebSocket Response: Runtime.evaluate (id=61) (session_id=C343CF4352215FB366222828881A9632) 317BCE1B69ADD5E2CB8896729B0FD2F0 {
   "result": {
      "description": "1",
      "type": "number",
      "value": 1
   }
}
[1779734625.831][INFO]: Done waiting for pending navigations. Status: ok
[1779734625.831][DEBUG]: DevTools WebSocket Command: Page.getFrameTree (id=62) (session_id=C343CF4352215FB366222828881A9632) 317BCE1B69ADD5E2CB8896729B0FD2F0 {
}
[1779734625.831][DEBUG]: DevTools WebSocket Response: Page.getFrameTree (id=62) (session_id=C343CF4352215FB366222828881A9632) 317BCE1B69ADD5E2CB8896729B0FD2F0 {
   "frameTree": {
      "frame": {
         "adFrameStatus": {
            "adFrameType": "none"
         },
         "crossOriginIsolatedContextType": "NotIsolated",
         "domainAndRegistry": "",
         "gatedAPIFeatures": [  ],
         "id": "317BCE1B69ADD5E2CB8896729B0FD2F0",
         "loaderId": "2C21B7B2370530493067CC90F3A2B5D4",
         "mimeType": "text/html",
         "secureContextType": "SecureLocalhost",
         "securityOrigin": "http://localhost:3001",
         "securityOriginDetails": {
            "isLocalhost": true
         },
         "url": "http://localhost:3001/38/"
      }
   }
}
[1779734625.831][DEBUG]: DevTools WebSocket Command: DOM.resolveNode (id=63) (session_id=C343CF4352215FB366222828881A9632) 317BCE1B69ADD5E2CB8896729B0FD2F0 {
   "backendNodeId": 5,
   "objectGroup": "b15a98e3-3555-4ce2-91d5-66f580ae3caf"
}
[1779734625.831][DEBUG]: DevTools WebSocket Response: DOM.resolveNode (id=63) (session_id=C343CF4352215FB366222828881A9632) 317BCE1B69ADD5E2CB8896729B0FD2F0 {
   "object": {
      "className": "HTMLButtonElement",
      "description": "button.ant-btn.css-dev-only-do-not-override-1cgtkqz.ant-btn-primary.ant-btn-color-primary.ant-btn-variant-solid.ant-dropdown-trigger.bg-primary-400",
      "objectId": "4035418071753636418.1.13",
      "subtype": "node",
      "type": "object"
   }
}
[1779734625.831][DEBUG]: DevTools WebSocket Command: Page.getFrameTree (id=64) (session_id=C343CF4352215FB366222828881A9632) 317BCE1B69ADD5E2CB8896729B0FD2F0 {
}
[1779734625.832][DEBUG]: DevTools WebSocket Response: Page.getFrameTree (id=64) (session_id=C343CF4352215FB366222828881A9632) 317BCE1B69ADD5E2CB8896729B0FD2F0 {
   "frameTree": {
      "frame": {
         "adFrameStatus": {
            "adFrameType": "none"
         },
         "crossOriginIsolatedContextType": "NotIsolated",
         "domainAndRegistry": "",
         "gatedAPIFeatures": [  ],
         "id": "317BCE1B69ADD5E2CB8896729B0FD2F0",
         "loaderId": "2C21B7B2370530493067CC90F3A2B5D4",
         "mimeType": "text/html",
         "secureContextType": "SecureLocalhost",
         "securityOrigin": "http://localhost:3001",
         "securityOriginDetails": {
            "isLocalhost": true
         },
         "url": "http://localhost:3001/38/"
      }
   }
}
[1779734625.832][DEBUG]: DevTools WebSocket Command: Runtime.callFunctionOn (id=65) (session_id=C343CF4352215FB366222828881A9632) 317BCE1B69ADD5E2CB8896729B0FD2F0 {
   "arguments": [ {
      "objectId": "4035418071753636418.1.13"
   } ],
   "awaitPromise": true,
   "functionDeclaration": "function(){ return (function() { // Copyright 2012 The Chromium Authors\n// Use of this source code is governed by a BSD-style license that can be\n// found in the LICENSE file.\n\n/**\n * Enum for WebD...",
   "objectGroup": "b15a98e3-3555-4ce2-91d5-66f580ae3caf",
   "serializationOptions": {
      "serialization": "deep"
   },
   "uniqueContextId": "2750693019167562417.1494659916094996533"
}
[1779734625.833][DEBUG]: DevTools WebSocket Response: Runtime.callFunctionOn (id=65) (session_id=C343CF4352215FB366222828881A9632) 317BCE1B69ADD5E2CB8896729B0FD2F0 {
   "result": {
      "className": "Array",
      "deepSerializedValue": {
         "type": "array",
         "value": [ {
            "type": "string",
            "value": "{\"status\":0,\"value\":\"BUTTON\"}"
         } ]
      },
      "description": "Array(1)",
      "objectId": "4035418071753636418.1.14",
      "subtype": "array",
      "type": "object"
   }
}
[1779734625.833][DEBUG]: DevTools WebSocket Command: Runtime.releaseObjectGroup (id=66) (session_id=C343CF4352215FB366222828881A9632) 317BCE1B69ADD5E2CB8896729B0FD2F0 {
   "objectGroup": "b15a98e3-3555-4ce2-91d5-66f580ae3caf"
}
[1779734625.833][DEBUG]: DevTools WebSocket Command: Page.getFrameTree (id=67) (session_id=C343CF4352215FB366222828881A9632) 317BCE1B69ADD5E2CB8896729B0FD2F0 {
}
[1779734625.833][DEBUG]: DevTools WebSocket Response: Runtime.releaseObjectGroup (id=66) (session_id=C343CF4352215FB366222828881A9632) 317BCE1B69ADD5E2CB8896729B0FD2F0 {
}
[1779734625.833][DEBUG]: DevTools WebSocket Response: Page.getFrameTree (id=67) (session_id=C343CF4352215FB366222828881A9632) 317BCE1B69ADD5E2CB8896729B0FD2F0 {
   "frameTree": {
      "frame": {
         "adFrameStatus": {
            "adFrameType": "none"
         },
         "crossOriginIsolatedContextType": "NotIsolated",
         "domainAndRegistry": "",
         "gatedAPIFeatures": [  ],
         "id": "317BCE1B69ADD5E2CB8896729B0FD2F0",
         "loaderId": "2C21B7B2370530493067CC90F3A2B5D4",
         "mimeType": "text/html",
         "secureContextType": "SecureLocalhost",
         "securityOrigin": "http://localhost:3001",
         "securityOriginDetails": {
            "isLocalhost": true
         },
         "url": "http://localhost:3001/38/"
      }
   }
}
[1779734625.833][DEBUG]: DevTools WebSocket Command: DOM.resolveNode (id=68) (session_id=C343CF4352215FB366222828881A9632) 317BCE1B69ADD5E2CB8896729B0FD2F0 {
   "backendNodeId": 5,
   "objectGroup": "c5fd6820-900d-458c-9418-9b2b1a5ac679"
}
[1779734625.833][DEBUG]: DevTools WebSocket Response: DOM.resolveNode (id=68) (session_id=C343CF4352215FB366222828881A9632) 317BCE1B69ADD5E2CB8896729B0FD2F0 {
   "object": {
      "className": "HTMLButtonElement",
      "description": "button.ant-btn.css-dev-only-do-not-override-1cgtkqz.ant-btn-primary.ant-btn-color-primary.ant-btn-variant-solid.ant-dropdown-trigger.bg-primary-400",
      "objectId": "4035418071753636418.1.15",
      "subtype": "node",
      "type": "object"
   }
}
[1779734625.833][DEBUG]: DevTools WebSocket Command: Page.getFrameTree (id=69) (session_id=C343CF4352215FB366222828881A9632) 317BCE1B69ADD5E2CB8896729B0FD2F0 {
}
[1779734625.833][DEBUG]: DevTools WebSocket Response: Page.getFrameTree (id=69) (session_id=C343CF4352215FB366222828881A9632) 317BCE1B69ADD5E2CB8896729B0FD2F0 {
   "frameTree": {
      "frame": {
         "adFrameStatus": {
            "adFrameType": "none"
         },
         "crossOriginIsolatedContextType": "NotIsolated",
         "domainAndRegistry": "",
         "gatedAPIFeatures": [  ],
         "id": "317BCE1B69ADD5E2CB8896729B0FD2F0",
         "loaderId": "2C21B7B2370530493067CC90F3A2B5D4",
         "mimeType": "text/html",
         "secureContextType": "SecureLocalhost",
         "securityOrigin": "http://localhost:3001",
         "securityOriginDetails": {
            "isLocalhost": true
         },
         "url": "http://localhost:3001/38/"
      }
   }
}
[1779734625.833][DEBUG]: DevTools WebSocket Command: Runtime.callFunctionOn (id=70) (session_id=C343CF4352215FB366222828881A9632) 317BCE1B69ADD5E2CB8896729B0FD2F0 {
   "arguments": [ {
      "objectId": "4035418071753636418.1.15"
   } ],
   "awaitPromise": true,
   "functionDeclaration": "function(){ return (function() { // Copyright 2012 The Chromium Authors\n// Use of this source code is governed by a BSD-style license that can be\n// found in the LICENSE file.\n\n/**\n * Enum for WebD...",
   "objectGroup": "c5fd6820-900d-458c-9418-9b2b1a5ac679",
   "serializationOptions": {
      "serialization": "deep"
   },
   "uniqueContextId": "2750693019167562417.1494659916094996533"
}
[1779734625.834][DEBUG]: DevTools WebSocket Response: Runtime.callFunctionOn (id=70) (session_id=C343CF4352215FB366222828881A9632) 317BCE1B69ADD5E2CB8896729B0FD2F0 {
   "result": {
      "className": "Array",
      "deepSerializedValue": {
         "type": "array",
         "value": [ {
            "type": "string",
            "value": "{\"status\":0,\"value\":\"BUTTON\"}"
         } ]
      },
      "description": "Array(1)",
      "objectId": "4035418071753636418.1.16",
      "subtype": "array",
      "type": "object"
   }
}
[1779734625.834][DEBUG]: DevTools WebSocket Command: Runtime.releaseObjectGroup (id=71) (session_id=C343CF4352215FB366222828881A9632) 317BCE1B69ADD5E2CB8896729B0FD2F0 {
   "objectGroup": "c5fd6820-900d-458c-9418-9b2b1a5ac679"
}
[1779734625.835][DEBUG]: DevTools WebSocket Command: Page.getFrameTree (id=72) (session_id=C343CF4352215FB366222828881A9632) 317BCE1B69ADD5E2CB8896729B0FD2F0 {
}
[1779734625.835][DEBUG]: DevTools WebSocket Response: Runtime.releaseObjectGroup (id=71) (session_id=C343CF4352215FB366222828881A9632) 317BCE1B69ADD5E2CB8896729B0FD2F0 {
}
[1779734625.835][DEBUG]: DevTools WebSocket Response: Page.getFrameTree (id=72) (session_id=C343CF4352215FB366222828881A9632) 317BCE1B69ADD5E2CB8896729B0FD2F0 {
   "frameTree": {
      "frame": {
         "adFrameStatus": {
            "adFrameType": "none"
         },
         "crossOriginIsolatedContextType": "NotIsolated",
         "domainAndRegistry": "",
         "gatedAPIFeatures": [  ],
         "id": "317BCE1B69ADD5E2CB8896729B0FD2F0",
         "loaderId": "2C21B7B2370530493067CC90F3A2B5D4",
         "mimeType": "text/html",
         "secureContextType": "SecureLocalhost",
         "securityOrigin": "http://localhost:3001",
         "securityOriginDetails": {
            "isLocalhost": true
         },
         "url": "http://localhost:3001/38/"
      }
   }
}
[1779734625.835][DEBUG]: DevTools WebSocket Command: DOM.resolveNode (id=73) (session_id=C343CF4352215FB366222828881A9632) 317BCE1B69ADD5E2CB8896729B0FD2F0 {
   "backendNodeId": 5,
   "objectGroup": "a4086a07-4c54-4902-b2f3-446c862af18e"
}
[1779734625.835][DEBUG]: DevTools WebSocket Response: DOM.resolveNode (id=73) (session_id=C343CF4352215FB366222828881A9632) 317BCE1B69ADD5E2CB8896729B0FD2F0 {
   "object": {
      "className": "HTMLButtonElement",
      "description": "button.ant-btn.css-dev-only-do-not-override-1cgtkqz.ant-btn-primary.ant-btn-color-primary.ant-btn-variant-solid.ant-dropdown-trigger.bg-primary-400",
      "objectId": "4035418071753636418.1.17",
      "subtype": "node",
      "type": "object"
   }
}
[1779734625.835][DEBUG]: DevTools WebSocket Command: Page.getFrameTree (id=74) (session_id=C343CF4352215FB366222828881A9632) 317BCE1B69ADD5E2CB8896729B0FD2F0 {
}
[1779734625.836][DEBUG]: DevTools WebSocket Response: Page.getFrameTree (id=74) (session_id=C343CF4352215FB366222828881A9632) 317BCE1B69ADD5E2CB8896729B0FD2F0 {
   "frameTree": {
      "frame": {
         "adFrameStatus": {
            "adFrameType": "none"
         },
         "crossOriginIsolatedContextType": "NotIsolated",
         "domainAndRegistry": "",
         "gatedAPIFeatures": [  ],
         "id": "317BCE1B69ADD5E2CB8896729B0FD2F0",
         "loaderId": "2C21B7B2370530493067CC90F3A2B5D4",
         "mimeType": "text/html",
         "secureContextType": "SecureLocalhost",
         "securityOrigin": "http://localhost:3001",
         "securityOriginDetails": {
            "isLocalhost": true
         },
         "url": "http://localhost:3001/38/"
      }
   }
}
[1779734625.836][DEBUG]: DevTools WebSocket Command: Runtime.callFunctionOn (id=75) (session_id=C343CF4352215FB366222828881A9632) 317BCE1B69ADD5E2CB8896729B0FD2F0 {
   "arguments": [ {
      "objectId": "4035418071753636418.1.17"
   } ],
   "awaitPromise": true,
   "functionDeclaration": "function(){ return (function() { // Copyright 2012 The Chromium Authors\n// Use of this source code is governed by a BSD-style license that can be\n// found in the LICENSE file.\n\n/**\n * Enum for WebD...",
   "objectGroup": "a4086a07-4c54-4902-b2f3-446c862af18e",
   "serializationOptions": {
      "serialization": "deep"
   },
   "uniqueContextId": "2750693019167562417.1494659916094996533"
}
[1779734625.839][DEBUG]: DevTools WebSocket Response: Runtime.callFunctionOn (id=75) (session_id=C343CF4352215FB366222828881A9632) 317BCE1B69ADD5E2CB8896729B0FD2F0 {
   "result": {
      "className": "Array",
      "deepSerializedValue": {
         "type": "array",
         "value": [ {
            "type": "string",
            "value": "{\"status\":0,\"value\":true}"
         } ]
      },
      "description": "Array(1)",
      "objectId": "4035418071753636418.1.18",
      "subtype": "array",
      "type": "object"
   }
}
[1779734625.839][DEBUG]: DevTools WebSocket Command: Runtime.releaseObjectGroup (id=76) (session_id=C343CF4352215FB366222828881A9632) 317BCE1B69ADD5E2CB8896729B0FD2F0 {
   "objectGroup": "a4086a07-4c54-4902-b2f3-446c862af18e"
}
[1779734625.839][DEBUG]: DevTools WebSocket Command: Page.getFrameTree (id=77) (session_id=C343CF4352215FB366222828881A9632) 317BCE1B69ADD5E2CB8896729B0FD2F0 {
}
[1779734625.839][DEBUG]: DevTools WebSocket Response: Runtime.releaseObjectGroup (id=76) (session_id=C343CF4352215FB366222828881A9632) 317BCE1B69ADD5E2CB8896729B0FD2F0 {
}
[1779734625.839][DEBUG]: DevTools WebSocket Response: Page.getFrameTree (id=77) (session_id=C343CF4352215FB366222828881A9632) 317BCE1B69ADD5E2CB8896729B0FD2F0 {
   "frameTree": {
      "frame": {
         "adFrameStatus": {
            "adFrameType": "none"
         },
         "crossOriginIsolatedContextType": "NotIsolated",
         "domainAndRegistry": "",
         "gatedAPIFeatures": [  ],
         "id": "317BCE1B69ADD5E2CB8896729B0FD2F0",
         "loaderId": "2C21B7B2370530493067CC90F3A2B5D4",
         "mimeType": "text/html",
         "secureContextType": "SecureLocalhost",
         "securityOrigin": "http://localhost:3001",
         "securityOriginDetails": {
            "isLocalhost": true
         },
         "url": "http://localhost:3001/38/"
      }
   }
}
[1779734625.839][DEBUG]: DevTools WebSocket Command: DOM.resolveNode (id=78) (session_id=C343CF4352215FB366222828881A9632) 317BCE1B69ADD5E2CB8896729B0FD2F0 {
   "backendNodeId": 5,
   "objectGroup": "b2fb5500-d8f3-4c5b-bc59-2da9e07717d7"
}
[1779734625.839][DEBUG]: DevTools WebSocket Response: DOM.resolveNode (id=78) (session_id=C343CF4352215FB366222828881A9632) 317BCE1B69ADD5E2CB8896729B0FD2F0 {
   "object": {
      "className": "HTMLButtonElement",
      "description": "button.ant-btn.css-dev-only-do-not-override-1cgtkqz.ant-btn-primary.ant-btn-color-primary.ant-btn-variant-solid.ant-dropdown-trigger.bg-primary-400",
      "objectId": "4035418071753636418.1.19",
      "subtype": "node",
      "type": "object"
   }
}
[1779734625.839][DEBUG]: DevTools WebSocket Command: Page.getFrameTree (id=79) (session_id=C343CF4352215FB366222828881A9632) 317BCE1B69ADD5E2CB8896729B0FD2F0 {
}
[1779734625.840][DEBUG]: DevTools WebSocket Response: Page.getFrameTree (id=79) (session_id=C343CF4352215FB366222828881A9632) 317BCE1B69ADD5E2CB8896729B0FD2F0 {
   "frameTree": {
      "frame": {
         "adFrameStatus": {
            "adFrameType": "none"
         },
         "crossOriginIsolatedContextType": "NotIsolated",
         "domainAndRegistry": "",
         "gatedAPIFeatures": [  ],
         "id": "317BCE1B69ADD5E2CB8896729B0FD2F0",
         "loaderId": "2C21B7B2370530493067CC90F3A2B5D4",
         "mimeType": "text/html",
         "secureContextType": "SecureLocalhost",
         "securityOrigin": "http://localhost:3001",
         "securityOriginDetails": {
            "isLocalhost": true
         },
         "url": "http://localhost:3001/38/"
      }
   }
}
[1779734625.840][DEBUG]: DevTools WebSocket Command: Runtime.callFunctionOn (id=80) (session_id=C343CF4352215FB366222828881A9632) 317BCE1B69ADD5E2CB8896729B0FD2F0 {
   "arguments": [ {
      "objectId": "4035418071753636418.1.19"
   } ],
   "awaitPromise": true,
   "functionDeclaration": "function(){ return (function() { // Copyright 2012 The Chromium Authors\n// Use of this source code is governed by a BSD-style license that can be\n// found in the LICENSE file.\n\n/**\n * Enum for WebD...",
   "objectGroup": "b2fb5500-d8f3-4c5b-bc59-2da9e07717d7",
   "serializationOptions": {
      "serialization": "deep"
   },
   "uniqueContextId": "2750693019167562417.1494659916094996533"
}
[1779734625.841][DEBUG]: DevTools WebSocket Response: Runtime.callFunctionOn (id=80) (session_id=C343CF4352215FB366222828881A9632) 317BCE1B69ADD5E2CB8896729B0FD2F0 {
   "result": {
      "className": "Array",
      "deepSerializedValue": {
         "type": "array",
         "value": [ {
            "type": "string",
            "value": "{\"status\":0,\"value\":{\"left\":0,\"top\":0,\"height\":32,\"width\":51.1953125}}"
         } ]
      },
      "description": "Array(1)",
      "objectId": "4035418071753636418.1.20",
      "subtype": "array",
      "type": "object"
   }
}
[1779734625.841][DEBUG]: DevTools WebSocket Command: Runtime.releaseObjectGroup (id=81) (session_id=C343CF4352215FB366222828881A9632) 317BCE1B69ADD5E2CB8896729B0FD2F0 {
   "objectGroup": "b2fb5500-d8f3-4c5b-bc59-2da9e07717d7"
}
[1779734625.842][DEBUG]: DevTools WebSocket Command: Page.getFrameTree (id=82) (session_id=C343CF4352215FB366222828881A9632) 317BCE1B69ADD5E2CB8896729B0FD2F0 {
}
[1779734625.842][DEBUG]: DevTools WebSocket Response: Runtime.releaseObjectGroup (id=81) (session_id=C343CF4352215FB366222828881A9632) 317BCE1B69ADD5E2CB8896729B0FD2F0 {
}
[1779734625.842][DEBUG]: DevTools WebSocket Response: Page.getFrameTree (id=82) (session_id=C343CF4352215FB366222828881A9632) 317BCE1B69ADD5E2CB8896729B0FD2F0 {
   "frameTree": {
      "frame": {
         "adFrameStatus": {
            "adFrameType": "none"
         },
         "crossOriginIsolatedContextType": "NotIsolated",
         "domainAndRegistry": "",
         "gatedAPIFeatures": [  ],
         "id": "317BCE1B69ADD5E2CB8896729B0FD2F0",
         "loaderId": "2C21B7B2370530493067CC90F3A2B5D4",
         "mimeType": "text/html",
         "secureContextType": "SecureLocalhost",
         "securityOrigin": "http://localhost:3001",
         "securityOriginDetails": {
            "isLocalhost": true
         },
         "url": "http://localhost:3001/38/"
      }
   }
}
[1779734625.842][DEBUG]: DevTools WebSocket Command: DOM.resolveNode (id=83) (session_id=C343CF4352215FB366222828881A9632) 317BCE1B69ADD5E2CB8896729B0FD2F0 {
   "backendNodeId": 5,
   "objectGroup": "48f7f0e0-061d-4d1a-837c-f56e7f5de086"
}
[1779734625.842][DEBUG]: DevTools WebSocket Response: DOM.resolveNode (id=83) (session_id=C343CF4352215FB366222828881A9632) 317BCE1B69ADD5E2CB8896729B0FD2F0 {
   "object": {
      "className": "HTMLButtonElement",
      "description": "button.ant-btn.css-dev-only-do-not-override-1cgtkqz.ant-btn-primary.ant-btn-color-primary.ant-btn-variant-solid.ant-dropdown-trigger.bg-primary-400",
      "objectId": "4035418071753636418.1.21",
      "subtype": "node",
      "type": "object"
   }
}
[1779734625.842][DEBUG]: DevTools WebSocket Command: Page.getFrameTree (id=84) (session_id=C343CF4352215FB366222828881A9632) 317BCE1B69ADD5E2CB8896729B0FD2F0 {
}
[1779734625.842][DEBUG]: DevTools WebSocket Response: Page.getFrameTree (id=84) (session_id=C343CF4352215FB366222828881A9632) 317BCE1B69ADD5E2CB8896729B0FD2F0 {
   "frameTree": {
      "frame": {
         "adFrameStatus": {
            "adFrameType": "none"
         },
         "crossOriginIsolatedContextType": "NotIsolated",
         "domainAndRegistry": "",
         "gatedAPIFeatures": [  ],
         "id": "317BCE1B69ADD5E2CB8896729B0FD2F0",
         "loaderId": "2C21B7B2370530493067CC90F3A2B5D4",
         "mimeType": "text/html",
         "secureContextType": "SecureLocalhost",
         "securityOrigin": "http://localhost:3001",
         "securityOriginDetails": {
            "isLocalhost": true
         },
         "url": "http://localhost:3001/38/"
      }
   }
}
[1779734625.843][DEBUG]: DevTools WebSocket Command: Runtime.callFunctionOn (id=85) (session_id=C343CF4352215FB366222828881A9632) 317BCE1B69ADD5E2CB8896729B0FD2F0 {
   "arguments": [ {
      "objectId": "4035418071753636418.1.21"
   } ],
   "awaitPromise": true,
   "functionDeclaration": "function(){ return (function() { // Copyright 2012 The Chromium Authors\n// Use of this source code is governed by a BSD-style license that can be\n// found in the LICENSE file.\n\n/**\n * Enum for WebD...",
   "objectGroup": "48f7f0e0-061d-4d1a-837c-f56e7f5de086",
   "serializationOptions": {
      "serialization": "deep"
   },
   "uniqueContextId": "2750693019167562417.1494659916094996533"
}
[1779734625.845][DEBUG]: DevTools WebSocket Response: Runtime.callFunctionOn (id=85) (session_id=C343CF4352215FB366222828881A9632) 317BCE1B69ADD5E2CB8896729B0FD2F0 {
   "result": {
      "className": "Array",
      "deepSerializedValue": {
         "type": "array",
         "value": [ {
            "type": "string",
            "value": "{\"status\":0,\"value\":{\"x\":915.421875,\"y\":4,\"clone\":{},\"ceil\":{},\"floor\":{},\"round\":{},\"translate\":{},\"scale\":{}}}"
         } ]
      },
      "description": "Array(1)",
      "objectId": "4035418071753636418.1.22",
      "subtype": "array",
      "type": "object"
   }
}
[1779734625.845][DEBUG]: DevTools WebSocket Command: Runtime.releaseObjectGroup (id=86) (session_id=C343CF4352215FB366222828881A9632) 317BCE1B69ADD5E2CB8896729B0FD2F0 {
   "objectGroup": "48f7f0e0-061d-4d1a-837c-f56e7f5de086"
}
[1779734625.845][DEBUG]: DevTools WebSocket Command: Page.getFrameTree (id=87) (session_id=C343CF4352215FB366222828881A9632) 317BCE1B69ADD5E2CB8896729B0FD2F0 {
}
[1779734625.845][DEBUG]: DevTools WebSocket Response: Runtime.releaseObjectGroup (id=86) (session_id=C343CF4352215FB366222828881A9632) 317BCE1B69ADD5E2CB8896729B0FD2F0 {
}
[1779734625.845][DEBUG]: DevTools WebSocket Response: Page.getFrameTree (id=87) (session_id=C343CF4352215FB366222828881A9632) 317BCE1B69ADD5E2CB8896729B0FD2F0 {
   "frameTree": {
      "frame": {
         "adFrameStatus": {
            "adFrameType": "none"
         },
         "crossOriginIsolatedContextType": "NotIsolated",
         "domainAndRegistry": "",
         "gatedAPIFeatures": [  ],
         "id": "317BCE1B69ADD5E2CB8896729B0FD2F0",
         "loaderId": "2C21B7B2370530493067CC90F3A2B5D4",
         "mimeType": "text/html",
         "secureContextType": "SecureLocalhost",
         "securityOrigin": "http://localhost:3001",
         "securityOriginDetails": {
            "isLocalhost": true
         },
         "url": "http://localhost:3001/38/"
      }
   }
}
[1779734625.845][DEBUG]: DevTools WebSocket Command: DOM.resolveNode (id=88) (session_id=C343CF4352215FB366222828881A9632) 317BCE1B69ADD5E2CB8896729B0FD2F0 {
   "backendNodeId": 5,
   "objectGroup": "9e496a50-f76d-486a-bf96-604e18b89149"
}
[1779734625.846][DEBUG]: DevTools WebSocket Response: DOM.resolveNode (id=88) (session_id=C343CF4352215FB366222828881A9632) 317BCE1B69ADD5E2CB8896729B0FD2F0 {
   "object": {
      "className": "HTMLButtonElement",
      "description": "button.ant-btn.css-dev-only-do-not-override-1cgtkqz.ant-btn-primary.ant-btn-color-primary.ant-btn-variant-solid.ant-dropdown-trigger.bg-primary-400",
      "objectId": "4035418071753636418.1.23",
      "subtype": "node",
      "type": "object"
   }
}
[1779734625.846][DEBUG]: DevTools WebSocket Command: Page.getFrameTree (id=89) (session_id=C343CF4352215FB366222828881A9632) 317BCE1B69ADD5E2CB8896729B0FD2F0 {
}
[1779734625.846][DEBUG]: DevTools WebSocket Response: Page.getFrameTree (id=89) (session_id=C343CF4352215FB366222828881A9632) 317BCE1B69ADD5E2CB8896729B0FD2F0 {
   "frameTree": {
      "frame": {
         "adFrameStatus": {
            "adFrameType": "none"
         },
         "crossOriginIsolatedContextType": "NotIsolated",
         "domainAndRegistry": "",
         "gatedAPIFeatures": [  ],
         "id": "317BCE1B69ADD5E2CB8896729B0FD2F0",
         "loaderId": "2C21B7B2370530493067CC90F3A2B5D4",
         "mimeType": "text/html",
         "secureContextType": "SecureLocalhost",
         "securityOrigin": "http://localhost:3001",
         "securityOriginDetails": {
            "isLocalhost": true
         },
         "url": "http://localhost:3001/38/"
      }
   }
}
[1779734625.846][DEBUG]: DevTools WebSocket Command: Runtime.callFunctionOn (id=90) (session_id=C343CF4352215FB366222828881A9632) 317BCE1B69ADD5E2CB8896729B0FD2F0 {
   "arguments": [ {
      "objectId": "4035418071753636418.1.23"
   } ],
   "awaitPromise": true,
   "functionDeclaration": "function(){ return (function() { // Copyright 2012 The Chromium Authors\n// Use of this source code is governed by a BSD-style license that can be\n// found in the LICENSE file.\n\n/**\n * Enum for WebD...",
   "objectGroup": "9e496a50-f76d-486a-bf96-604e18b89149",
   "serializationOptions": {
      "serialization": "deep"
   },
   "uniqueContextId": "2750693019167562417.1494659916094996533"
}
[1779734625.848][DEBUG]: DevTools WebSocket Response: Runtime.callFunctionOn (id=90) (session_id=C343CF4352215FB366222828881A9632) 317BCE1B69ADD5E2CB8896729B0FD2F0 {
   "result": {
      "className": "Array",
      "deepSerializedValue": {
         "type": "array",
         "value": [ {
            "type": "string",
            "value": "{\"status\":0,\"value\":{\"clickable\":true,\"message\":\"Element's descendant would receive the click. Consider clicking the descendant instead. Descendant: \u003Cpath d=\\\"M8 16.5v.5c1.691-2.578 3.6-3.953 6-4v3..."
         } ]
      },
      "description": "Array(1)",
      "objectId": "4035418071753636418.1.24",
      "subtype": "array",
      "type": "object"
   }
}
[1779734625.848][DEBUG]: DevTools WebSocket Command: Runtime.releaseObjectGroup (id=91) (session_id=C343CF4352215FB366222828881A9632) 317BCE1B69ADD5E2CB8896729B0FD2F0 {
   "objectGroup": "9e496a50-f76d-486a-bf96-604e18b89149"
}
[1779734625.848][DEBUG]: DevTools WebSocket Command: Page.getFrameTree (id=92) (session_id=C343CF4352215FB366222828881A9632) 317BCE1B69ADD5E2CB8896729B0FD2F0 {
}
[1779734625.848][DEBUG]: DevTools WebSocket Response: Runtime.releaseObjectGroup (id=91) (session_id=C343CF4352215FB366222828881A9632) 317BCE1B69ADD5E2CB8896729B0FD2F0 {
}
[1779734625.848][DEBUG]: DevTools WebSocket Response: Page.getFrameTree (id=92) (session_id=C343CF4352215FB366222828881A9632) 317BCE1B69ADD5E2CB8896729B0FD2F0 {
   "frameTree": {
      "frame": {
         "adFrameStatus": {
            "adFrameType": "none"
         },
         "crossOriginIsolatedContextType": "NotIsolated",
         "domainAndRegistry": "",
         "gatedAPIFeatures": [  ],
         "id": "317BCE1B69ADD5E2CB8896729B0FD2F0",
         "loaderId": "2C21B7B2370530493067CC90F3A2B5D4",
         "mimeType": "text/html",
         "secureContextType": "SecureLocalhost",
         "securityOrigin": "http://localhost:3001",
         "securityOriginDetails": {
            "isLocalhost": true
         },
         "url": "http://localhost:3001/38/"
      }
   }
}
[1779734625.848][DEBUG]: DevTools WebSocket Command: DOM.resolveNode (id=93) (session_id=C343CF4352215FB366222828881A9632) 317BCE1B69ADD5E2CB8896729B0FD2F0 {
   "backendNodeId": 5,
   "objectGroup": "09e8f436-5495-4e16-b5c1-aa6fe561dd99"
}
[1779734625.848][DEBUG]: DevTools WebSocket Response: DOM.resolveNode (id=93) (session_id=C343CF4352215FB366222828881A9632) 317BCE1B69ADD5E2CB8896729B0FD2F0 {
   "object": {
      "className": "HTMLButtonElement",
      "description": "button.ant-btn.css-dev-only-do-not-override-1cgtkqz.ant-btn-primary.ant-btn-color-primary.ant-btn-variant-solid.ant-dropdown-trigger.bg-primary-400",
      "objectId": "4035418071753636418.1.25",
      "subtype": "node",
      "type": "object"
   }
}
[1779734625.848][DEBUG]: DevTools WebSocket Command: Page.getFrameTree (id=94) (session_id=C343CF4352215FB366222828881A9632) 317BCE1B69ADD5E2CB8896729B0FD2F0 {
}
[1779734625.849][DEBUG]: DevTools WebSocket Response: Page.getFrameTree (id=94) (session_id=C343CF4352215FB366222828881A9632) 317BCE1B69ADD5E2CB8896729B0FD2F0 {
   "frameTree": {
      "frame": {
         "adFrameStatus": {
            "adFrameType": "none"
         },
         "crossOriginIsolatedContextType": "NotIsolated",
         "domainAndRegistry": "",
         "gatedAPIFeatures": [  ],
         "id": "317BCE1B69ADD5E2CB8896729B0FD2F0",
         "loaderId": "2C21B7B2370530493067CC90F3A2B5D4",
         "mimeType": "text/html",
         "secureContextType": "SecureLocalhost",
         "securityOrigin": "http://localhost:3001",
         "securityOriginDetails": {
            "isLocalhost": true
         },
         "url": "http://localhost:3001/38/"
      }
   }
}
[1779734625.849][DEBUG]: DevTools WebSocket Command: Runtime.callFunctionOn (id=95) (session_id=C343CF4352215FB366222828881A9632) 317BCE1B69ADD5E2CB8896729B0FD2F0 {
   "arguments": [ {
      "objectId": "4035418071753636418.1.25"
   } ],
   "awaitPromise": true,
   "functionDeclaration": "function(){ return (function() { // Copyright 2012 The Chromium Authors\n// Use of this source code is governed by a BSD-style license that can be\n// found in the LICENSE file.\n\n/**\n * Enum for WebD...",
   "objectGroup": "09e8f436-5495-4e16-b5c1-aa6fe561dd99",
   "serializationOptions": {
      "serialization": "deep"
   },
   "uniqueContextId": "2750693019167562417.1494659916094996533"
}
[1779734625.849][DEBUG]: DevTools WebSocket Response: Runtime.callFunctionOn (id=95) (session_id=C343CF4352215FB366222828881A9632) 317BCE1B69ADD5E2CB8896729B0FD2F0 {
   "result": {
      "className": "Array",
      "deepSerializedValue": {
         "type": "array",
         "value": [ {
            "type": "string",
            "value": "{\"status\":0,\"value\":\"BUTTON\"}"
         } ]
      },
      "description": "Array(1)",
      "objectId": "4035418071753636418.1.26",
      "subtype": "array",
      "type": "object"
   }
}
[1779734625.849][DEBUG]: DevTools WebSocket Command: Runtime.releaseObjectGroup (id=96) (session_id=C343CF4352215FB366222828881A9632) 317BCE1B69ADD5E2CB8896729B0FD2F0 {
   "objectGroup": "09e8f436-5495-4e16-b5c1-aa6fe561dd99"
}
[1779734625.849][DEBUG]: DevTools WebSocket Command: Page.getFrameTree (id=97) (session_id=C343CF4352215FB366222828881A9632) 317BCE1B69ADD5E2CB8896729B0FD2F0 {
}
[1779734625.849][DEBUG]: DevTools WebSocket Response: Runtime.releaseObjectGroup (id=96) (session_id=C343CF4352215FB366222828881A9632) 317BCE1B69ADD5E2CB8896729B0FD2F0 {
}
[1779734625.849][DEBUG]: DevTools WebSocket Response: Page.getFrameTree (id=97) (session_id=C343CF4352215FB366222828881A9632) 317BCE1B69ADD5E2CB8896729B0FD2F0 {
   "frameTree": {
      "frame": {
         "adFrameStatus": {
            "adFrameType": "none"
         },
         "crossOriginIsolatedContextType": "NotIsolated",
         "domainAndRegistry": "",
         "gatedAPIFeatures": [  ],
         "id": "317BCE1B69ADD5E2CB8896729B0FD2F0",
         "loaderId": "2C21B7B2370530493067CC90F3A2B5D4",
         "mimeType": "text/html",
         "secureContextType": "SecureLocalhost",
         "securityOrigin": "http://localhost:3001",
         "securityOriginDetails": {
            "isLocalhost": true
         },
         "url": "http://localhost:3001/38/"
      }
   }
}
[1779734625.849][DEBUG]: DevTools WebSocket Command: DOM.resolveNode (id=98) (session_id=C343CF4352215FB366222828881A9632) 317BCE1B69ADD5E2CB8896729B0FD2F0 {
   "backendNodeId": 5,
   "objectGroup": "d49a1ca4-1c42-4eaf-8d20-7a007e3ccbb7"
}
[1779734625.849][DEBUG]: DevTools WebSocket Response: DOM.resolveNode (id=98) (session_id=C343CF4352215FB366222828881A9632) 317BCE1B69ADD5E2CB8896729B0FD2F0 {
   "object": {
      "className": "HTMLButtonElement",
      "description": "button.ant-btn.css-dev-only-do-not-override-1cgtkqz.ant-btn-primary.ant-btn-color-primary.ant-btn-variant-solid.ant-dropdown-trigger.bg-primary-400",
      "objectId": "4035418071753636418.1.27",
      "subtype": "node",
      "type": "object"
   }
}
[1779734625.849][DEBUG]: DevTools WebSocket Command: Page.getFrameTree (id=99) (session_id=C343CF4352215FB366222828881A9632) 317BCE1B69ADD5E2CB8896729B0FD2F0 {
}
[1779734625.850][DEBUG]: DevTools WebSocket Response: Page.getFrameTree (id=99) (session_id=C343CF4352215FB366222828881A9632) 317BCE1B69ADD5E2CB8896729B0FD2F0 {
   "frameTree": {
      "frame": {
         "adFrameStatus": {
            "adFrameType": "none"
         },
         "crossOriginIsolatedContextType": "NotIsolated",
         "domainAndRegistry": "",
         "gatedAPIFeatures": [  ],
         "id": "317BCE1B69ADD5E2CB8896729B0FD2F0",
         "loaderId": "2C21B7B2370530493067CC90F3A2B5D4",
         "mimeType": "text/html",
         "secureContextType": "SecureLocalhost",
         "securityOrigin": "http://localhost:3001",
         "securityOriginDetails": {
            "isLocalhost": true
         },
         "url": "http://localhost:3001/38/"
      }
   }
}
[1779734625.850][DEBUG]: DevTools WebSocket Command: Runtime.callFunctionOn (id=100) (session_id=C343CF4352215FB366222828881A9632) 317BCE1B69ADD5E2CB8896729B0FD2F0 {
   "arguments": [ {
      "objectId": "4035418071753636418.1.27"
   } ],
   "awaitPromise": true,
   "functionDeclaration": "function(){ return (function() { // Copyright 2012 The Chromium Authors\n// Use of this source code is governed by a BSD-style license that can be\n// found in the LICENSE file.\n\n/**\n * Enum for WebD...",
   "objectGroup": "d49a1ca4-1c42-4eaf-8d20-7a007e3ccbb7",
   "serializationOptions": {
      "serialization": "deep"
   },
   "uniqueContextId": "2750693019167562417.1494659916094996533"
}
[1779734625.852][DEBUG]: DevTools WebSocket Response: Runtime.callFunctionOn (id=100) (session_id=C343CF4352215FB366222828881A9632) 317BCE1B69ADD5E2CB8896729B0FD2F0 {
   "result": {
      "className": "Array",
      "deepSerializedValue": {
         "type": "array",
         "value": [ {
            "type": "string",
            "value": "{\"status\":0,\"value\":true}"
         } ]
      },
      "description": "Array(1)",
      "objectId": "4035418071753636418.1.28",
      "subtype": "array",
      "type": "object"
   }
}
[1779734625.852][DEBUG]: DevTools WebSocket Command: Runtime.releaseObjectGroup (id=101) (session_id=C343CF4352215FB366222828881A9632) 317BCE1B69ADD5E2CB8896729B0FD2F0 {
   "objectGroup": "d49a1ca4-1c42-4eaf-8d20-7a007e3ccbb7"
}
[1779734625.852][DEBUG]: DevTools WebSocket Command: Page.getFrameTree (id=102) (session_id=C343CF4352215FB366222828881A9632) 317BCE1B69ADD5E2CB8896729B0FD2F0 {
}
[1779734625.852][DEBUG]: DevTools WebSocket Response: Runtime.releaseObjectGroup (id=101) (session_id=C343CF4352215FB366222828881A9632) 317BCE1B69ADD5E2CB8896729B0FD2F0 {
}
[1779734625.852][DEBUG]: DevTools WebSocket Response: Page.getFrameTree (id=102) (session_id=C343CF4352215FB366222828881A9632) 317BCE1B69ADD5E2CB8896729B0FD2F0 {
   "frameTree": {
      "frame": {
         "adFrameStatus": {
            "adFrameType": "none"
         },
         "crossOriginIsolatedContextType": "NotIsolated",
         "domainAndRegistry": "",
         "gatedAPIFeatures": [  ],
         "id": "317BCE1B69ADD5E2CB8896729B0FD2F0",
         "loaderId": "2C21B7B2370530493067CC90F3A2B5D4",
         "mimeType": "text/html",
         "secureContextType": "SecureLocalhost",
         "securityOrigin": "http://localhost:3001",
         "securityOriginDetails": {
            "isLocalhost": true
         },
         "url": "http://localhost:3001/38/"
      }
   }
}
[1779734625.852][DEBUG]: DevTools WebSocket Command: DOM.resolveNode (id=103) (session_id=C343CF4352215FB366222828881A9632) 317BCE1B69ADD5E2CB8896729B0FD2F0 {
   "backendNodeId": 5,
   "objectGroup": "a7fc0c3d-4cf4-4b2e-9ec0-44ea1c981470"
}
[1779734625.852][DEBUG]: DevTools WebSocket Response: DOM.resolveNode (id=103) (session_id=C343CF4352215FB366222828881A9632) 317BCE1B69ADD5E2CB8896729B0FD2F0 {
   "object": {
      "className": "HTMLButtonElement",
      "description": "button.ant-btn.css-dev-only-do-not-override-1cgtkqz.ant-btn-primary.ant-btn-color-primary.ant-btn-variant-solid.ant-dropdown-trigger.bg-primary-400",
      "objectId": "4035418071753636418.1.29",
      "subtype": "node",
      "type": "object"
   }
}
[1779734625.852][DEBUG]: DevTools WebSocket Command: Page.getFrameTree (id=104) (session_id=C343CF4352215FB366222828881A9632) 317BCE1B69ADD5E2CB8896729B0FD2F0 {
}
[1779734625.852][DEBUG]: DevTools WebSocket Response: Page.getFrameTree (id=104) (session_id=C343CF4352215FB366222828881A9632) 317BCE1B69ADD5E2CB8896729B0FD2F0 {
   "frameTree": {
      "frame": {
         "adFrameStatus": {
            "adFrameType": "none"
         },
         "crossOriginIsolatedContextType": "NotIsolated",
         "domainAndRegistry": "",
         "gatedAPIFeatures": [  ],
         "id": "317BCE1B69ADD5E2CB8896729B0FD2F0",
         "loaderId": "2C21B7B2370530493067CC90F3A2B5D4",
         "mimeType": "text/html",
         "secureContextType": "SecureLocalhost",
         "securityOrigin": "http://localhost:3001",
         "securityOriginDetails": {
            "isLocalhost": true
         },
         "url": "http://localhost:3001/38/"
      }
   }
}
[1779734625.852][DEBUG]: DevTools WebSocket Command: Runtime.callFunctionOn (id=105) (session_id=C343CF4352215FB366222828881A9632) 317BCE1B69ADD5E2CB8896729B0FD2F0 {
   "arguments": [ {
      "objectId": "4035418071753636418.1.29"
   } ],
   "awaitPromise": true,
   "functionDeclaration": "function(){ return (function() { // Copyright 2012 The Chromium Authors\n// Use of this source code is governed by a BSD-style license that can be\n// found in the LICENSE file.\n\n/**\n * Enum for WebD...",
   "objectGroup": "a7fc0c3d-4cf4-4b2e-9ec0-44ea1c981470",
   "serializationOptions": {
      "serialization": "deep"
   },
   "uniqueContextId": "2750693019167562417.1494659916094996533"
}
[1779734625.853][DEBUG]: DevTools WebSocket Response: Runtime.callFunctionOn (id=105) (session_id=C343CF4352215FB366222828881A9632) 317BCE1B69ADD5E2CB8896729B0FD2F0 {
   "result": {
      "className": "Array",
      "deepSerializedValue": {
         "type": "array",
         "value": [ {
            "type": "string",
            "value": "{\"status\":0,\"value\":{\"left\":0,\"top\":0,\"height\":32,\"width\":51.1953125}}"
         } ]
      },
      "description": "Array(1)",
      "objectId": "4035418071753636418.1.30",
      "subtype": "array",
      "type": "object"
   }
}
[1779734625.853][DEBUG]: DevTools WebSocket Command: Runtime.releaseObjectGroup (id=106) (session_id=C343CF4352215FB366222828881A9632) 317BCE1B69ADD5E2CB8896729B0FD2F0 {
   "objectGroup": "a7fc0c3d-4cf4-4b2e-9ec0-44ea1c981470"
}
[1779734625.853][DEBUG]: DevTools WebSocket Command: Page.getFrameTree (id=107) (session_id=C343CF4352215FB366222828881A9632) 317BCE1B69ADD5E2CB8896729B0FD2F0 {
}
[1779734625.853][DEBUG]: DevTools WebSocket Response: Runtime.releaseObjectGroup (id=106) (session_id=C343CF4352215FB366222828881A9632) 317BCE1B69ADD5E2CB8896729B0FD2F0 {
}
[1779734625.853][DEBUG]: DevTools WebSocket Response: Page.getFrameTree (id=107) (session_id=C343CF4352215FB366222828881A9632) 317BCE1B69ADD5E2CB8896729B0FD2F0 {
   "frameTree": {
      "frame": {
         "adFrameStatus": {
            "adFrameType": "none"
         },
         "crossOriginIsolatedContextType": "NotIsolated",
         "domainAndRegistry": "",
         "gatedAPIFeatures": [  ],
         "id": "317BCE1B69ADD5E2CB8896729B0FD2F0",
         "loaderId": "2C21B7B2370530493067CC90F3A2B5D4",
         "mimeType": "text/html",
         "secureContextType": "SecureLocalhost",
         "securityOrigin": "http://localhost:3001",
         "securityOriginDetails": {
            "isLocalhost": true
         },
         "url": "http://localhost:3001/38/"
      }
   }
}
[1779734625.853][DEBUG]: DevTools WebSocket Command: DOM.resolveNode (id=108) (session_id=C343CF4352215FB366222828881A9632) 317BCE1B69ADD5E2CB8896729B0FD2F0 {
   "backendNodeId": 5,
   "objectGroup": "de28ee2e-27e5-43ea-97c0-cb057113701e"
}
[1779734625.853][DEBUG]: DevTools WebSocket Response: DOM.resolveNode (id=108) (session_id=C343CF4352215FB366222828881A9632) 317BCE1B69ADD5E2CB8896729B0FD2F0 {
   "object": {
      "className": "HTMLButtonElement",
      "description": "button.ant-btn.css-dev-only-do-not-override-1cgtkqz.ant-btn-primary.ant-btn-color-primary.ant-btn-variant-solid.ant-dropdown-trigger.bg-primary-400",
      "objectId": "4035418071753636418.1.31",
      "subtype": "node",
      "type": "object"
   }
}
[1779734625.853][DEBUG]: DevTools WebSocket Command: Page.getFrameTree (id=109) (session_id=C343CF4352215FB366222828881A9632) 317BCE1B69ADD5E2CB8896729B0FD2F0 {
}
[1779734625.853][DEBUG]: DevTools WebSocket Response: Page.getFrameTree (id=109) (session_id=C343CF4352215FB366222828881A9632) 317BCE1B69ADD5E2CB8896729B0FD2F0 {
   "frameTree": {
      "frame": {
         "adFrameStatus": {
            "adFrameType": "none"
         },
         "crossOriginIsolatedContextType": "NotIsolated",
         "domainAndRegistry": "",
         "gatedAPIFeatures": [  ],
         "id": "317BCE1B69ADD5E2CB8896729B0FD2F0",
         "loaderId": "2C21B7B2370530493067CC90F3A2B5D4",
         "mimeType": "text/html",
         "secureContextType": "SecureLocalhost",
         "securityOrigin": "http://localhost:3001",
         "securityOriginDetails": {
            "isLocalhost": true
         },
         "url": "http://localhost:3001/38/"
      }
   }
}
[1779734625.854][DEBUG]: DevTools WebSocket Command: Runtime.callFunctionOn (id=110) (session_id=C343CF4352215FB366222828881A9632) 317BCE1B69ADD5E2CB8896729B0FD2F0 {
   "arguments": [ {
      "objectId": "4035418071753636418.1.31"
   } ],
   "awaitPromise": true,
   "functionDeclaration": "function(){ return (function() { // Copyright 2012 The Chromium Authors\n// Use of this source code is governed by a BSD-style license that can be\n// found in the LICENSE file.\n\n/**\n * Enum for WebD...",
   "objectGroup": "de28ee2e-27e5-43ea-97c0-cb057113701e",
   "serializationOptions": {
      "serialization": "deep"
   },
   "uniqueContextId": "2750693019167562417.1494659916094996533"
}
[1779734625.855][DEBUG]: DevTools WebSocket Response: Runtime.callFunctionOn (id=110) (session_id=C343CF4352215FB366222828881A9632) 317BCE1B69ADD5E2CB8896729B0FD2F0 {
   "result": {
      "className": "Array",
      "deepSerializedValue": {
         "type": "array",
         "value": [ {
            "type": "string",
            "value": "{\"status\":0,\"value\":{\"x\":915.421875,\"y\":4,\"clone\":{},\"ceil\":{},\"floor\":{},\"round\":{},\"translate\":{},\"scale\":{}}}"
         } ]
      },
      "description": "Array(1)",
      "objectId": "4035418071753636418.1.32",
      "subtype": "array",
      "type": "object"
   }
}
[1779734625.855][DEBUG]: DevTools WebSocket Command: Runtime.releaseObjectGroup (id=111) (session_id=C343CF4352215FB366222828881A9632) 317BCE1B69ADD5E2CB8896729B0FD2F0 {
   "objectGroup": "de28ee2e-27e5-43ea-97c0-cb057113701e"
}
[1779734625.855][DEBUG]: DevTools WebSocket Command: Page.getFrameTree (id=112) (session_id=C343CF4352215FB366222828881A9632) 317BCE1B69ADD5E2CB8896729B0FD2F0 {
}
[1779734625.855][DEBUG]: DevTools WebSocket Response: Runtime.releaseObjectGroup (id=111) (session_id=C343CF4352215FB366222828881A9632) 317BCE1B69ADD5E2CB8896729B0FD2F0 {
}
[1779734625.855][DEBUG]: DevTools WebSocket Response: Page.getFrameTree (id=112) (session_id=C343CF4352215FB366222828881A9632) 317BCE1B69ADD5E2CB8896729B0FD2F0 {
   "frameTree": {
      "frame": {
         "adFrameStatus": {
            "adFrameType": "none"
         },
         "crossOriginIsolatedContextType": "NotIsolated",
         "domainAndRegistry": "",
         "gatedAPIFeatures": [  ],
         "id": "317BCE1B69ADD5E2CB8896729B0FD2F0",
         "loaderId": "2C21B7B2370530493067CC90F3A2B5D4",
         "mimeType": "text/html",
         "secureContextType": "SecureLocalhost",
         "securityOrigin": "http://localhost:3001",
         "securityOriginDetails": {
            "isLocalhost": true
         },
         "url": "http://localhost:3001/38/"
      }
   }
}
[1779734625.855][DEBUG]: DevTools WebSocket Command: DOM.resolveNode (id=113) (session_id=C343CF4352215FB366222828881A9632) 317BCE1B69ADD5E2CB8896729B0FD2F0 {
   "backendNodeId": 5,
   "objectGroup": "ec1eb515-f181-42b9-bb0b-b3701f24d70c"
}
[1779734625.855][DEBUG]: DevTools WebSocket Response: DOM.resolveNode (id=113) (session_id=C343CF4352215FB366222828881A9632) 317BCE1B69ADD5E2CB8896729B0FD2F0 {
   "object": {
      "className": "HTMLButtonElement",
      "description": "button.ant-btn.css-dev-only-do-not-override-1cgtkqz.ant-btn-primary.ant-btn-color-primary.ant-btn-variant-solid.ant-dropdown-trigger.bg-primary-400",
      "objectId": "4035418071753636418.1.33",
      "subtype": "node",
      "type": "object"
   }
}
[1779734625.855][DEBUG]: DevTools WebSocket Command: Page.getFrameTree (id=114) (session_id=C343CF4352215FB366222828881A9632) 317BCE1B69ADD5E2CB8896729B0FD2F0 {
}
[1779734625.855][DEBUG]: DevTools WebSocket Response: Page.getFrameTree (id=114) (session_id=C343CF4352215FB366222828881A9632) 317BCE1B69ADD5E2CB8896729B0FD2F0 {
   "frameTree": {
      "frame": {
         "adFrameStatus": {
            "adFrameType": "none"
         },
         "crossOriginIsolatedContextType": "NotIsolated",
         "domainAndRegistry": "",
         "gatedAPIFeatures": [  ],
         "id": "317BCE1B69ADD5E2CB8896729B0FD2F0",
         "loaderId": "2C21B7B2370530493067CC90F3A2B5D4",
         "mimeType": "text/html",
         "secureContextType": "SecureLocalhost",
         "securityOrigin": "http://localhost:3001",
         "securityOriginDetails": {
            "isLocalhost": true
         },
         "url": "http://localhost:3001/38/"
      }
   }
}
[1779734625.856][DEBUG]: DevTools WebSocket Command: Runtime.callFunctionOn (id=115) (session_id=C343CF4352215FB366222828881A9632) 317BCE1B69ADD5E2CB8896729B0FD2F0 {
   "arguments": [ {
      "objectId": "4035418071753636418.1.33"
   } ],
   "awaitPromise": true,
   "functionDeclaration": "function(){ return (function() { // Copyright 2012 The Chromium Authors\n// Use of this source code is governed by a BSD-style license that can be\n// found in the LICENSE file.\n\n/**\n * Enum for WebD...",
   "objectGroup": "ec1eb515-f181-42b9-bb0b-b3701f24d70c",
   "serializationOptions": {
      "serialization": "deep"
   },
   "uniqueContextId": "2750693019167562417.1494659916094996533"
}
[1779734625.856][DEBUG]: DevTools WebSocket Response: Runtime.callFunctionOn (id=115) (session_id=C343CF4352215FB366222828881A9632) 317BCE1B69ADD5E2CB8896729B0FD2F0 {
   "result": {
      "className": "Array",
      "deepSerializedValue": {
         "type": "array",
         "value": [ {
            "type": "string",
            "value": "{\"status\":0,\"value\":{\"clickable\":true,\"message\":\"Element's descendant would receive the click. Consider clicking the descendant instead. Descendant: \u003Cpath d=\\\"M8 16.5v.5c1.691-2.578 3.6-3.953 6-4v3..."
         } ]
      },
      "description": "Array(1)",
      "objectId": "4035418071753636418.1.34",
      "subtype": "array",
      "type": "object"
   }
}
[1779734625.856][DEBUG]: DevTools WebSocket Command: Runtime.releaseObjectGroup (id=116) (session_id=C343CF4352215FB366222828881A9632) 317BCE1B69ADD5E2CB8896729B0FD2F0 {
   "objectGroup": "ec1eb515-f181-42b9-bb0b-b3701f24d70c"
}
[1779734625.857][DEBUG]: DevTools WebSocket Command: Input.dispatchMouseEvent (id=117) (session_id=C343CF4352215FB366222828881A9632) 317BCE1B69ADD5E2CB8896729B0FD2F0 {
   "button": "none",
   "buttons": 0,
   "clickCount": 0,
   "force": 0.0,
   "modifiers": 0,
   "pointerType": "mouse",
   "tangentialPressure": 0.0,
   "tiltX": 0,
   "tiltY": 0,
   "twist": 0,
   "type": "mouseMoved",
   "x": 941,
   "y": 20
}
[1779734625.857][DEBUG]: DevTools WebSocket Command: Input.dispatchMouseEvent (id=118) (session_id=C343CF4352215FB366222828881A9632) 317BCE1B69ADD5E2CB8896729B0FD2F0 {
   "button": "left",
   "buttons": 0,
   "clickCount": 1,
   "force": 0.0,
   "modifiers": 0,
   "pointerType": "mouse",
   "tangentialPressure": 0.0,
   "tiltX": 0,
   "tiltY": 0,
   "twist": 0,
   "type": "mousePressed",
   "x": 941,
   "y": 20
}
[1779734625.857][DEBUG]: DevTools WebSocket Command: Input.dispatchMouseEvent (id=119) (session_id=C343CF4352215FB366222828881A9632) 317BCE1B69ADD5E2CB8896729B0FD2F0 {
   "button": "left",
   "buttons": 1,
   "clickCount": 1,
   "force": 0.0,
   "modifiers": 0,
   "pointerType": "mouse",
   "tangentialPressure": 0.0,
   "tiltX": 0,
   "tiltY": 0,
   "twist": 0,
   "type": "mouseReleased",
   "x": 941,
   "y": 20
}
[1779734625.857][DEBUG]: DevTools WebSocket Response: Runtime.releaseObjectGroup (id=116) (session_id=C343CF4352215FB366222828881A9632) 317BCE1B69ADD5E2CB8896729B0FD2F0 {
}
[1779734625.859][DEBUG]: DevTools WebSocket Response: Input.dispatchMouseEvent (id=117) (session_id=C343CF4352215FB366222828881A9632) 317BCE1B69ADD5E2CB8896729B0FD2F0 {
}
[1779734625.861][DEBUG]: DevTools WebSocket Response: Input.dispatchMouseEvent (id=118) (session_id=C343CF4352215FB366222828881A9632) 317BCE1B69ADD5E2CB8896729B0FD2F0 {
}
[1779734625.865][DEBUG]: DevTools WebSocket Response: Input.dispatchMouseEvent (id=119) (session_id=C343CF4352215FB366222828881A9632) 317BCE1B69ADD5E2CB8896729B0FD2F0 {
}
[1779734625.865][INFO]: Waiting for pending navigations...
[1779734625.865][DEBUG]: DevTools WebSocket Command: Runtime.evaluate (id=120) (session_id=C343CF4352215FB366222828881A9632) 317BCE1B69ADD5E2CB8896729B0FD2F0 {
   "expression": "1"
}
[1779734625.865][DEBUG]: DevTools WebSocket Response: Runtime.evaluate (id=120) (session_id=C343CF4352215FB366222828881A9632) 317BCE1B69ADD5E2CB8896729B0FD2F0 {
   "result": {
      "description": "1",
      "type": "number",
      "value": 1
   }
}
[1779734625.865][INFO]: Done waiting for pending navigations. Status: ok
[1779734625.865][INFO]: [a35b00a5256d9587b3fd79578b6fec5c] RESPONSE ClickElement
[1779734626.369][INFO]: [a35b00a5256d9587b3fd79578b6fec5c] COMMAND FindElements {
   "using": "css selector",
   "value": "li[data-menu-id*=\"import\"]:not([data-menu-id*=\"importdb\"])"
}
[1779734626.369][INFO]: Waiting for pending navigations...
[1779734626.369][DEBUG]: DevTools WebSocket Command: Runtime.evaluate (id=121) (session_id=C343CF4352215FB366222828881A9632) 317BCE1B69ADD5E2CB8896729B0FD2F0 {
   "expression": "1"
}
[1779734626.370][DEBUG]: DevTools WebSocket Response: Runtime.evaluate (id=121) (session_id=C343CF4352215FB366222828881A9632) 317BCE1B69ADD5E2CB8896729B0FD2F0 {
   "result": {
      "description": "1",
      "type": "number",
      "value": 1
   }
}
[1779734626.370][INFO]: Done waiting for pending navigations. Status: ok
[1779734626.370][DEBUG]: DevTools WebSocket Command: Page.getFrameTree (id=122) (session_id=C343CF4352215FB366222828881A9632) 317BCE1B69ADD5E2CB8896729B0FD2F0 {
}
[1779734626.370][DEBUG]: DevTools WebSocket Response: Page.getFrameTree (id=122) (session_id=C343CF4352215FB366222828881A9632) 317BCE1B69ADD5E2CB8896729B0FD2F0 {
   "frameTree": {
      "frame": {
         "adFrameStatus": {
            "adFrameType": "none"
         },
         "crossOriginIsolatedContextType": "NotIsolated",
         "domainAndRegistry": "",
         "gatedAPIFeatures": [  ],
         "id": "317BCE1B69ADD5E2CB8896729B0FD2F0",
         "loaderId": "2C21B7B2370530493067CC90F3A2B5D4",
         "mimeType": "text/html",
         "secureContextType": "SecureLocalhost",
         "securityOrigin": "http://localhost:3001",
         "securityOriginDetails": {
            "isLocalhost": true
         },
         "url": "http://localhost:3001/38/"
      }
   }
}
[1779734626.370][DEBUG]: DevTools WebSocket Command: Page.getFrameTree (id=123) (session_id=C343CF4352215FB366222828881A9632) 317BCE1B69ADD5E2CB8896729B0FD2F0 {
}
[1779734626.370][DEBUG]: DevTools WebSocket Response: Page.getFrameTree (id=123) (session_id=C343CF4352215FB366222828881A9632) 317BCE1B69ADD5E2CB8896729B0FD2F0 {
   "frameTree": {
      "frame": {
         "adFrameStatus": {
            "adFrameType": "none"
         },
         "crossOriginIsolatedContextType": "NotIsolated",
         "domainAndRegistry": "",
         "gatedAPIFeatures": [  ],
         "id": "317BCE1B69ADD5E2CB8896729B0FD2F0",
         "loaderId": "2C21B7B2370530493067CC90F3A2B5D4",
         "mimeType": "text/html",
         "secureContextType": "SecureLocalhost",
         "securityOrigin": "http://localhost:3001",
         "securityOriginDetails": {
            "isLocalhost": true
         },
         "url": "http://localhost:3001/38/"
      }
   }
}
[1779734626.371][DEBUG]: DevTools WebSocket Command: Runtime.callFunctionOn (id=124) (session_id=C343CF4352215FB366222828881A9632) 317BCE1B69ADD5E2CB8896729B0FD2F0 {
   "arguments": [  ],
   "awaitPromise": true,
   "functionDeclaration": "function(){ return (function() { // Copyright 2012 The Chromium Authors\n// Use of this source code is governed by a BSD-style license that can be\n// found in the LICENSE file.\n\n/**\n * Enum for WebD...",
   "serializationOptions": {
      "serialization": "deep"
   },
   "uniqueContextId": "2750693019167562417.1494659916094996533"
}
[1779734626.374][DEBUG]: DevTools WebSocket Response: Runtime.callFunctionOn (id=124) (session_id=C343CF4352215FB366222828881A9632) 317BCE1B69ADD5E2CB8896729B0FD2F0 {
   "result": {
      "className": "Array",
      "deepSerializedValue": {
         "type": "array",
         "value": [ {
            "type": "string",
            "value": "{\"status\":0,\"value\":[{\"element-6066-11e4-a52e-4f735466cecf\":0}]}"
         }, {
            "type": "node",
            "value": {
               "attributes": {
                  "aria-describedby": ":r11:",
                  "class": "ant-dropdown-menu-item ant-dropdown-menu-item-only-child",
                  "data-menu-id": "rc-menu-uuid-22866-2-import",
                  "role": "menuitem",
                  "style": "padding: 0px; margin: 5px;",
                  "tabindex": "-1"
               },
               "backendNodeId": 7,
               "childNodeCount": 1,
               "loaderId": "2C21B7B2370530493067CC90F3A2B5D4",
               "localName": "li",
               "namespaceURI": "http://www.w3.org/1999/xhtml",
               "nodeType": 1,
               "shadowRoot": null
            }
         } ]
      },
      "description": "Array(2)",
      "objectId": "4035418071753636418.1.35",
      "subtype": "array",
      "type": "object"
   }
}
[1779734626.374][INFO]: Waiting for pending navigations...
[1779734626.374][DEBUG]: DevTools WebSocket Command: Runtime.evaluate (id=125) (session_id=C343CF4352215FB366222828881A9632) 317BCE1B69ADD5E2CB8896729B0FD2F0 {
   "expression": "1"
}
[1779734626.374][DEBUG]: DevTools WebSocket Response: Runtime.evaluate (id=125) (session_id=C343CF4352215FB366222828881A9632) 317BCE1B69ADD5E2CB8896729B0FD2F0 {
   "result": {
      "description": "1",
      "type": "number",
      "value": 1
   }
}
[1779734626.374][INFO]: Done waiting for pending navigations. Status: ok
[1779734626.374][INFO]: [a35b00a5256d9587b3fd79578b6fec5c] RESPONSE FindElements [ {
   "element-6066-11e4-a52e-4f735466cecf": "f.317BCE1B69ADD5E2CB8896729B0FD2F0.d.2C21B7B2370530493067CC90F3A2B5D4.e.7"
} ]
[1779734626.376][INFO]: [a35b00a5256d9587b3fd79578b6fec5c] COMMAND ExecuteScript {
   "args": [ {
      "ELEMENT": "f.317BCE1B69ADD5E2CB8896729B0FD2F0.d.2C21B7B2370530493067CC90F3A2B5D4.e.7",
      "element-6066-11e4-a52e-4f735466cecf": "f.317BCE1B69ADD5E2CB8896729B0FD2F0.d.2C21B7B2370530493067CC90F3A2B5D4.e.7"
   } ],
   "script": "/* isDisplayed */return (function(){return (function(){var g=this||self;\nfunction aa(a){var b=typeof a;if(\"object\"==b)if(a){if(a instanceof Array)return\"array\";if(a instanceof Object)return b;var c=Object.prototype.toString.call(a);if(\"[object Window]\"==c)return\"object\";if(\"[object Array]\"==c||\"number\"==typeof a.length&&\"undefined\"!=typeof a.splice&&\"undefined\"!=typeof a.propertyIsEnumerable&&!a.propertyIsEnumerable(\"splice\"))return\"array\";if(\"[object Function]\"==c||\"undefined\"!=typeof a.call&&\"undefined\"!=typeof a.propertyIsEnumerable&&!a.propertyIsEnumerable(\"call\"))return\"function\"}else return\"null\";else if(\"function\"==\nb&&\"undefined\"==typeof a.call)return\"object\";return b}function ca(a,b){function c(){}c.prototype=b.prototype;a.prototype=new c;a.prototype.constructor=a};var da=Array.prototype.indexOf?function(a,b){return Array.prototype.indexOf.call(a,b,void 0)}:function(a,b){if(\"string\"===typeof a)return\"string\"!==typeof b||1!=b.length?-1:a.indexOf(b,0);for(var c=0;c\u003Ca.length;c++)if(c in a&&a[c]===b)return c;return-1},ea=Array.prototype.some?function(a,b){return Array.prototype.some.call(a,b,void 0)}:function(a,b){for(var c=a.length,e=\"string\"===typeof a?a.split(\"\"):a,d=0;d\u003Cc;d++)if(d in e&&b.call(void 0,e[d],d,a))return!0;return!1},fa=Array.prototype.every?function(a,\nb){return Array.prototype.every.call(a,b,void 0)}:function(a,b){for(var c=a.length,e=\"string\"===typeof a?a.split(\"\"):a,d=0;d\u003Cc;d++)if(d in e&&!b.call(void 0,e[d],d,a))return!1;return!0};var ha={aliceblue:\"#f0f8ff\",antiquewhite:\"#faebd7\",aqua:\"#00ffff\",aquamarine:\"#7fffd4\",azure:\"#f0ffff\",beige:\"#f5f5dc\",bisque:\"#ffe4c4\",black:\"#000000\",blanchedalmond:\"#ffebcd\",blue:\"#0000ff\",blueviolet:\"#8a2be2\",brown:\"#a52a2a\",burlywood:\"#deb887\",cadetblue:\"#5f9ea0\",chartreuse:\"#7fff00\",chocolate:\"#d2691e\",coral:\"#ff7f50\",cornflowerblue:\"#6495ed\",cornsilk:\"#fff8dc\",crimson:\"#dc143c\",cyan:\"#00ffff\",darkblue:\"#00008b\",darkcyan:\"#008b8b\",darkgoldenrod:\"#b8860b\",darkgray:\"#a9a9a9\",darkgreen:\"#006400\",\ndarkgrey:\"#a9a9a9\",darkkhaki:\"#bdb76b\",darkmagenta:\"#8b008b\",darkolivegreen:\"#556b2f\",darkorange:\"#ff8c00\",darkorchid:\"#9932cc\",darkred:\"#8b0000\",darksalmon:\"#e9967a\",darkseagreen:\"#8fbc8f\",darkslateblue:\"#483d8b\",darkslategray:\"#2f4f4f\",darkslategrey:\"#2f4f4f\",darkturquoise:\"#00ced1\",darkviolet:\"#9400d3\",deeppink:\"#ff1493\",deepskyblue:\"#00bfff\",dimgray:\"#696969\",dimgrey:\"#696969\",dodgerblue:\"#1e90ff\",firebrick:\"#b22222\",floralwhite:\"#fffaf0\",forestgreen:\"#228b22\",fuchsia:\"#ff00ff\",gainsboro:\"#dcdcdc\",\nghostwhite:\"#f8f8ff\",gold:\"#ffd700\",goldenrod:\"#daa520\",gray:\"#808080\",green:\"#008000\",greenyellow:\"#adff2f\",grey:\"#808080\",honeydew:\"#f0fff0\",hotpink:\"#ff69b4\",indianred:\"#cd5c5c\",indigo:\"#4b0082\",ivory:\"#fffff0\",khaki:\"#f0e68c\",lavender:\"#e6e6fa\",lavenderblush:\"#fff0f5\",lawngreen:\"#7cfc00\",lemonchiffon:\"#fffacd\",lightblue:\"#add8e6\",lightcoral:\"#f08080\",lightcyan:\"#e0ffff\",lightgoldenrodyellow:\"#fafad2\",lightgray:\"#d3d3d3\",lightgreen:\"#90ee90\",lightgrey:\"#d3d3d3\",lightpink:\"#ffb6c1\",lightsalmon:\"#ffa07a\",\nlightseagreen:\"#20b2aa\",lightskyblue:\"#87cefa\",lightslategray:\"#778899\",lightslategrey:\"#778899\",lightsteelblue:\"#b0c4de\",lightyellow:\"#ffffe0\",lime:\"#00ff00\",limegreen:\"#32cd32\",linen:\"#faf0e6\",magenta:\"#ff00ff\",maroon:\"#800000\",mediumaquamarine:\"#66cdaa\",mediumblue:\"#0000cd\",mediumorchid:\"#ba55d3\",mediumpurple:\"#9370db\",mediumseagreen:\"#3cb371\",mediumslateblue:\"#7b68ee\",mediumspringgreen:\"#00fa9a\",mediumturquoise:\"#48d1cc\",mediumvioletred:\"#c71585\",midnightblue:\"#191970\",mintcream:\"#f5fffa\",mistyrose:\"#ffe4e1\",\nmoccasin:\"#ffe4b5\",navajowhite:\"#ffdead\",navy:\"#000080\",oldlace:\"#fdf5e6\",olive:\"#808000\",olivedrab:\"#6b8e23\",orange:\"#ffa500\",orangered:\"#ff4500\",orchid:\"#da70d6\",palegoldenrod:\"#eee8aa\",palegreen:\"#98fb98\",paleturquoise:\"#afeeee\",palevioletred:\"#db7093\",papayawhip:\"#ffefd5\",peachpuff:\"#ffdab9\",peru:\"#cd853f\",pink:\"#ffc0cb\",plum:\"#dda0dd\",powderblue:\"#b0e0e6\",purple:\"#800080\",red:\"#ff0000\",rosybrown:\"#bc8f8f\",royalblue:\"#4169e1\",saddlebrown:\"#8b4513\",salmon:\"#fa8072\",sandybrown:\"#f4a460\",seagreen:\"#2e8b57\",\nseashell:\"#fff5ee\",sienna:\"#a0522d\",silver:\"#c0c0c0\",skyblue:\"#87ceeb\",slateblue:\"#6a5acd\",slategray:\"#708090\",slategrey:\"#708090\",snow:\"#fffafa\",springgreen:\"#00ff7f\",steelblue:\"#4682b4\",tan:\"#d2b48c\",teal:\"#008080\",thistle:\"#d8bfd8\",tomato:\"#ff6347\",turquoise:\"#40e0d0\",violet:\"#ee82ee\",wheat:\"#f5deb3\",white:\"#ffffff\",whitesmoke:\"#f5f5f5\",yellow:\"#ffff00\",yellowgreen:\"#9acd32\"};var ia=\"backgroundColor borderTopColor borderRightColor borderBottomColor borderLeftColor color outlineColor\".split(\" \"),ja=/#([0-9a-fA-F])([0-9a-fA-F])([0-9a-fA-F])/,ka=/^#(?:[0-9a-f]{3}){1,2}$/i,la=/^(?:rgba)?\\((\\d{1,3}),\\s?(\\d{1,3}),\\s?(\\d{1,3}),\\s?(0|1|0\\.\\d*)\\)$/i,ma=/^(?:rgb)?\\((0|[1-9]\\d{0,2}),\\s?(0|[1-9]\\d{0,2}),\\s?(0|[1-9]\\d{0,2})\\)$/i;function m(a,b){this.code=a;this.a=p[a]||r;this.message=b||\"\";a=this.a.replace(/((?:^|\\s+)[a-z])/g,function(c){return c.toUpperCase().replace(/^[\\s\\xa0]+/g,\"\")});b=a.length-5;if(0>b||a.indexOf(\"Error\",b)!=b)a+=\"Error\";this.name=a;a=Error(this.message);a.name=this.name;this.stack=a.stack||\"\"}ca(m,Error);var r=\"unknown error\",p={15:\"element not selectable\",11:\"element not visible\"};p[31]=r;p[30]=r;p[24]=\"invalid cookie domain\";p[29]=\"invalid element coordinates\";p[12]=\"invalid element state\";\np[32]=\"invalid selector\";p[51]=\"invalid selector\";p[52]=\"invalid selector\";p[17]=\"javascript error\";p[405]=\"unsupported operation\";p[34]=\"move target out of bounds\";p[27]=\"no such alert\";p[7]=\"no such element\";p[8]=\"no such frame\";p[23]=\"no such window\";p[28]=\"script timeout\";p[33]=\"session not created\";p[10]=\"stale element reference\";p[21]=\"timeout\";p[25]=\"unable to set cookie\";p[26]=\"unexpected alert open\";p[13]=r;p[9]=\"unknown command\";var u=String.prototype.trim?function(a){return a.trim()}:function(a){return/^[\\s\\xa0]*([\\s\\S]*?)[\\s\\xa0]*$/.exec(a)[1]};\nfunction na(a,b){var c=0;a=u(String(a)).split(\".\");b=u(String(b)).split(\".\");for(var e=Math.max(a.length,b.length),d=0;0==c&&d\u003Ce;d++){var f=a[d]||\"\",h=b[d]||\"\";do{f=/(\\d*)(\\D*)(.*)/.exec(f)||[\"\",\"\",\"\",\"\"];h=/(\\d*)(\\D*)(.*)/.exec(h)||[\"\",\"\",\"\",\"\"];if(0==f[0].length&&0==h[0].length)break;c=v(0==f[1].length?0:parseInt(f[1],10),0==h[1].length?0:parseInt(h[1],10))||v(0==f[2].length,0==h[2].length)||v(f[2],h[2]);f=f[3];h=h[3]}while(0==c)}return c}function v(a,b){return a\u003Cb?-1:a>b?1:0};var w;a:{var oa=g.navigator;if(oa){var sa=oa.userAgent;if(sa){w=sa;break a}}w=\"\"}function x(a){return-1!=w.indexOf(a)};function y(){return x(\"Firefox\")||x(\"FxiOS\")}function A(){return(x(\"Chrome\")||x(\"CriOS\"))&&!x(\"Edge\")};function ta(a){return String(a).replace(/\\-([a-z])/g,function(b,c){return c.toUpperCase()})};function B(){return x(\"iPhone\")&&!x(\"iPod\")&&!x(\"iPad\")};function ua(a,b){var c=va;return Object.prototype.hasOwnProperty.call(c,a)?c[a]:c[a]=b(a)};var wa=x(\"Opera\"),C=x(\"Trident\")||x(\"MSIE\"),xa=x(\"Edge\"),ya=x(\"Gecko\")&&!(-1!=w.toLowerCase().indexOf(\"webkit\")&&!x(\"Edge\"))&&!(x(\"Trident\")||x(\"MSIE\"))&&!x(\"Edge\"),za=-1!=w.toLowerCase().indexOf(\"webkit\")&&!x(\"Edge\");function Aa(){var a=g.document;return a?a.documentMode:void 0}var E;\na:{var F=\"\",G=function(){var a=w;if(ya)return/rv:([^\\);]+)(\\)|;)/.exec(a);if(xa)return/Edge\\/([\\d\\.]+)/.exec(a);if(C)return/\\b(?:MSIE|rv)[: ]([^\\);]+)(\\)|;)/.exec(a);if(za)return/WebKit\\/(\\S+)/.exec(a);if(wa)return/(?:Version)[ \\/]?(\\S+)/.exec(a)}();G&&(F=G?G[1]:\"\");if(C){var H=Aa();if(null!=H&&H>parseFloat(F)){E=String(H);break a}}E=F}var va={};function Ba(a){return ua(a,function(){return 0\u003C=na(E,a)})}var I;I=g.document&&C?Aa():void 0;var Ca=y(),Da=B()||x(\"iPod\"),Ea=x(\"iPad\"),Fa=x(\"Android\")&&!(A()||y()||x(\"Opera\")||x(\"Silk\")),Ga=A(),Ha=x(\"Safari\")&&!(A()||x(\"Coast\")||x(\"Opera\")||x(\"Edge\")||x(\"Edg/\")||x(\"OPR\")||y()||x(\"Silk\")||x(\"Android\"))&&!(B()||x(\"iPad\")||x(\"iPod\"));function J(a){return(a=a.exec(w))?a[1]:\"\"}(function(){if(Ca)return J(/Firefox\\/([0-9.]+)/);if(C||xa||wa)return E;if(Ga)return B()||x(\"iPad\")||x(\"iPod\")?J(/CriOS\\/([0-9.]+)/):J(/Chrome\\/([0-9.]+)/);if(Ha&&!(B()||x(\"iPad\")||x(\"iPod\")))return J(/Version\\/([0-9.]+)/);if(Da||Ea){var a=/Version\\/(\\S+).*Mobile\\/(\\S+)/.exec(w);if(a)return a[1]+\".\"+a[2]}else if(Fa)return(a=J(/Android\\s+([0-9.]+)/))?a:J(/Version\\/([0-9.]+)/);return\"\"})();var K;if(K=C)K=!(9\u003C=Number(I));var Ia=K;function L(a,b){this.x=void 0!==a?a:0;this.y=void 0!==b?b:0}L.prototype.ceil=function(){this.x=Math.ceil(this.x);this.y=Math.ceil(this.y);return this};L.prototype.floor=function(){this.x=Math.floor(this.x);this.y=Math.floor(this.y);return this};L.prototype.round=function(){this.x=Math.round(this.x);this.y=Math.round(this.y);return this};function M(a,b){this.width=a;this.height=b}M.prototype.aspectRatio=function(){return this.width/this.height};M.prototype.ceil=function(){this.width=Math.ceil(this.width);this.height=Math.ceil(this.height);return this};M.prototype.floor=function(){this.width=Math.floor(this.width);this.height=Math.floor(this.height);return this};M.prototype.round=function(){this.width=Math.round(this.width);this.height=Math.round(this.height);return this};function N(a){return 9==a.nodeType?a:a.ownerDocument||a.document}function Ja(a,b){a&&(a=a.parentNode);for(var c=0;a;){if(b(a))return a;a=a.parentNode;c++}return null}function Ka(a){this.a=a||g.document||document};function P(a,b){b&&\"string\"!==typeof b&&(b=b.toString());return a instanceof HTMLFormElement?!!a&&1==a.nodeType&&(!b||\"FORM\"==b):!!a&&1==a.nodeType&&(!b||a.tagName.toUpperCase()==b)};function Q(a,b,c,e){this.f=a;this.a=b;this.b=c;this.c=e}Q.prototype.ceil=function(){this.f=Math.ceil(this.f);this.a=Math.ceil(this.a);this.b=Math.ceil(this.b);this.c=Math.ceil(this.c);return this};Q.prototype.floor=function(){this.f=Math.floor(this.f);this.a=Math.floor(this.a);this.b=Math.floor(this.b);this.c=Math.floor(this.c);return this};Q.prototype.round=function(){this.f=Math.round(this.f);this.a=Math.round(this.a);this.b=Math.round(this.b);this.c=Math.round(this.c);return this};function R(a,b,c,e){this.a=a;this.b=b;this.width=c;this.height=e}R.prototype.ceil=function(){this.a=Math.ceil(this.a);this.b=Math.ceil(this.b);this.width=Math.ceil(this.width);this.height=Math.ceil(this.height);return this};R.prototype.floor=function(){this.a=Math.floor(this.a);this.b=Math.floor(this.b);this.width=Math.floor(this.width);this.height=Math.floor(this.height);return this};\nR.prototype.round=function(){this.a=Math.round(this.a);this.b=Math.round(this.b);this.width=Math.round(this.width);this.height=Math.round(this.height);return this};var La=\"function\"===typeof ShadowRoot;function S(a){for(a=a.parentNode;a&&1!=a.nodeType&&9!=a.nodeType&&11!=a.nodeType;)a=a.parentNode;return P(a)?a:null}\nfunction T(a,b){b=ta(b);if(\"float\"==b||\"cssFloat\"==b||\"styleFloat\"==b)b=Ia?\"styleFloat\":\"cssFloat\";a:{var c=b;var e=N(a);if(e.defaultView&&e.defaultView.getComputedStyle&&(e=e.defaultView.getComputedStyle(a,null))){c=e[c]||e.getPropertyValue(c)||\"\";break a}c=\"\"}a=c||Ma(a,b);if(null===a)a=null;else if(0\u003C=da(ia,b)){b:{var d=a.match(la);if(d&&(b=Number(d[1]),c=Number(d[2]),e=Number(d[3]),d=Number(d[4]),0\u003C=b&&255>=b&&0\u003C=c&&255>=c&&0\u003C=e&&255>=e&&0\u003C=d&&1>=d)){b=[b,c,e,d];break b}b=null}if(!b)b:{if(e=a.match(ma))if(b=\nNumber(e[1]),c=Number(e[2]),e=Number(e[3]),0\u003C=b&&255>=b&&0\u003C=c&&255>=c&&0\u003C=e&&255>=e){b=[b,c,e,1];break b}b=null}if(!b)b:{b=a.toLowerCase();c=ha[b.toLowerCase()];if(!c&&(c=\"#\"==b.charAt(0)?b:\"#\"+b,4==c.length&&(c=c.replace(ja,\"#$1$1$2$2$3$3\")),!ka.test(c))){b=null;break b}b=[parseInt(c.substr(1,2),16),parseInt(c.substr(3,2),16),parseInt(c.substr(5,2),16),1]}a=b?\"rgba(\"+b.join(\", \")+\")\":a}return a}\nfunction Ma(a,b){var c=a.currentStyle||a.style,e=c[b];void 0===e&&\"function\"==aa(c.getPropertyValue)&&(e=c.getPropertyValue(b));return\"inherit\"!=e?void 0!==e?e:null:(a=S(a))?Ma(a,b):null}\nfunction U(a,b,c){function e(h){var n=V(h);return 0\u003Cn.height&&0\u003Cn.width?!0:P(h,\"PATH\")&&(0\u003Cn.height||0\u003Cn.width)?(h=T(h,\"stroke-width\"),!!h&&0\u003CparseInt(h,10)):\"hidden\"!=T(h,\"overflow\")&&ea(h.childNodes,function(D){return 3==D.nodeType||P(D)&&e(D)})}function d(h){return Na(h)==W&&fa(h.childNodes,function(n){return!P(n)||d(n)||!e(n)})}if(!P(a))throw Error(\"Argument to isShown must be of type Element\");if(P(a,\"BODY\"))return!0;if(P(a,\"OPTION\")||P(a,\"OPTGROUP\"))return a=Ja(a,function(h){return P(h,\"SELECT\")}),\n!!a&&U(a,!0,c);var f=Oa(a);if(f)return!!f.image&&0\u003Cf.rect.width&&0\u003Cf.rect.height&&U(f.image,b,c);if(P(a,\"INPUT\")&&\"hidden\"==a.type.toLowerCase()||P(a,\"NOSCRIPT\"))return!1;f=T(a,\"visibility\");return\"collapse\"!=f&&\"hidden\"!=f&&c(a)&&(b||0!=Pa(a))&&e(a)?!d(a):!1}var W=\"hidden\";\nfunction Na(a){function b(k){function l(ba){if(ba==h)return!0;var pa=T(ba,\"display\");return 0==pa.lastIndexOf(\"inline\",0)||\"contents\"==pa||\"absolute\"==qa&&\"static\"==T(ba,\"position\")?!1:!0}var qa=T(k,\"position\");if(\"fixed\"==qa)return ra=!0,k==h?null:h;for(k=S(k);k&&!l(k);)k=S(k);return k}function c(k){var l=k;if(\"visible\"==D)if(k==h&&n)l=n;else if(k==n)return{x:\"visible\",y:\"visible\"};l={x:T(l,\"overflow-x\"),y:T(l,\"overflow-y\")};k==h&&(l.x=\"visible\"==l.x?\"auto\":l.x,l.y=\"visible\"==l.y?\"auto\":l.y);return l}\nfunction e(k){if(k==h){var l=(new Ka(f)).a;k=l.scrollingElement?l.scrollingElement:za||\"CSS1Compat\"!=l.compatMode?l.body||l.documentElement:l.documentElement;l=l.parentWindow||l.defaultView;k=C&&Ba(\"10\")&&l.pageYOffset!=k.scrollTop?new L(k.scrollLeft,k.scrollTop):new L(l.pageXOffset||k.scrollLeft,l.pageYOffset||k.scrollTop)}else k=new L(k.scrollLeft,k.scrollTop);return k}var d=Qa(a),f=N(a),h=f.documentElement,n=f.body,D=T(h,\"overflow\"),ra;for(a=b(a);a;a=b(a)){var q=c(a);if(\"visible\"!=q.x||\"visible\"!=\nq.y){var t=V(a);if(0==t.width||0==t.height)return W;var z=d.a\u003Ct.a,O=d.b\u003Ct.b;if(z&&\"hidden\"==q.x||O&&\"hidden\"==q.y)return W;if(z&&\"visible\"!=q.x||O&&\"visible\"!=q.y){z=e(a);O=d.b\u003Ct.b-z.y;if(d.a\u003Ct.a-z.x&&\"visible\"!=q.x||O&&\"visible\"!=q.x)return W;d=Na(a);return d==W?W:\"scroll\"}z=d.c>=t.a+t.width;t=d.f>=t.b+t.height;if(z&&\"hidden\"==q.x||t&&\"hidden\"==q.y)return W;if(z&&\"visible\"!=q.x||t&&\"visible\"!=q.y){if(ra&&(q=e(a),d.c>=h.scrollWidth-q.x||d.a>=h.scrollHeight-q.y))return W;d=Na(a);return d==W?W:\"scroll\"}}}return\"none\"}\nfunction V(a){var b=Oa(a);if(b)return b.rect;if(P(a,\"HTML\"))return a=N(a),a=((a?a.parentWindow||a.defaultView:window)||window).document,a=\"CSS1Compat\"==a.compatMode?a.documentElement:a.body,a=new M(a.clientWidth,a.clientHeight),new R(0,0,a.width,a.height);try{var c=a.getBoundingClientRect()}catch(e){return new R(0,0,0,0)}b=new R(c.left,c.top,c.right-c.left,c.bottom-c.top);C&&a.ownerDocument.body&&(a=N(a),b.a-=a.documentElement.clientLeft+a.body.clientLeft,b.b-=a.documentElement.clientTop+a.body.clientTop);\nreturn b}\nfunction Oa(a){var b=P(a,\"MAP\");if(!b&&!P(a,\"AREA\"))return null;var c=b?a:P(a.parentNode,\"MAP\")?a.parentNode:null,e=null,d=null;if(c&&c.name){e='*[usemap=\"#'+c.name+'\"]';c=N(c);var f;if(f=\"function\"!=aa(c.querySelector)&&C&&(C?0\u003C=na(I,8):Ba(8))){f=c.querySelector;var h=typeof f;f=!(\"object\"==h&&null!=f||\"function\"==h)}if(f)throw Error(\"CSS selection is not supported\");if(!e)throw new m(32,\"No selector specified\");e=u(e);try{var n=c.querySelector(e)}catch(D){throw new m(32,\"An invalid or illegal selector was specified\");}if(e=\nn&&1==n.nodeType?n:null)d=V(e),b||\"default\"==a.shape.toLowerCase()||(a=Ra(a),b=Math.min(Math.max(a.a,0),d.width),n=Math.min(Math.max(a.b,0),d.height),d=new R(b+d.a,n+d.b,Math.min(a.width,d.width-b),Math.min(a.height,d.height-n)))}return{image:e,rect:d||new R(0,0,0,0)}}\nfunction Ra(a){var b=a.shape.toLowerCase();a=a.coords.split(\",\");if(\"rect\"==b&&4==a.length){b=a[0];var c=a[1];return new R(b,c,a[2]-b,a[3]-c)}if(\"circle\"==b&&3==a.length)return b=a[2],new R(a[0]-b,a[1]-b,2*b,2*b);if(\"poly\"==b&&2\u003Ca.length){b=a[0];c=a[1];for(var e=b,d=c,f=2;f+1\u003Ca.length;f+=2)b=Math.min(b,a[f]),e=Math.max(e,a[f]),c=Math.min(c,a[f+1]),d=Math.max(d,a[f+1]);return new R(b,c,e-b,d-c)}return new R(0,0,0,0)}function Qa(a){a=V(a);return new Q(a.b,a.a+a.width,a.b+a.height,a.a)}\nfunction Pa(a){if(Ia){if(\"relative\"==T(a,\"position\"))return 1;a=T(a,\"filter\");return(a=a.match(/^alpha\\(opacity=(\\d*)\\)/)||a.match(/^progid:DXImageTransform.Microsoft.Alpha\\(Opacity=(\\d*)\\)/))?Number(a[1])/100:1}return Sa(a)}function Sa(a){var b=1,c=T(a,\"opacity\");c&&(b=Number(c));(a=S(a))&&(b*=Sa(a));return b};function Ta(a,b){function c(e){if(P(e)&&\"none\"==T(e,\"display\"))return!1;var d;if((d=e.parentNode)&&d.shadowRoot&&void 0!==e.assignedSlot)d=e.assignedSlot?e.assignedSlot.parentNode:null;else if(e.getDestinationInsertionPoints){var f=e.getDestinationInsertionPoints();0\u003Cf.length&&(d=f[f.length-1])}if(La&&d instanceof ShadowRoot){if(d.host.shadowRoot&&d.host.shadowRoot!==d)return!1;d=d.host}return!d||9!=d.nodeType&&11!=d.nodeType?d&&P(d,\"DETAILS\")&&!d.open&&!P(e,\"SUMMARY\")?!1:!!d&&c(d):!0}return U(a,\n!!b,c)}var X=[\"_\"],Y=g;X[0]in Y||\"undefined\"==typeof Y.execScript||Y.execScript(\"var \"+X[0]);for(var Z;X.length&&(Z=X.shift());)X.length||void 0===Ta?Y[Z]&&Y[Z]!==Object.prototype[Z]?Y=Y[Z]:Y=Y[Z]={}:Y[Z]=Ta;; return this._.apply(null,arguments);}).apply({navigator:typeof window!='undefined'?window.navigator:null,document:typeof window!='undefined'?window.document:null}, arguments);}).apply(null, arguments)"
}
[1779734626.376][INFO]: Waiting for pending navigations...
[1779734626.376][DEBUG]: DevTools WebSocket Command: Runtime.evaluate (id=126) (session_id=C343CF4352215FB366222828881A9632) 317BCE1B69ADD5E2CB8896729B0FD2F0 {
   "expression": "1"
}
[1779734626.376][DEBUG]: DevTools WebSocket Response: Runtime.evaluate (id=126) (session_id=C343CF4352215FB366222828881A9632) 317BCE1B69ADD5E2CB8896729B0FD2F0 {
   "result": {
      "description": "1",
      "type": "number",
      "value": 1
   }
}
[1779734626.376][INFO]: Done waiting for pending navigations. Status: ok
[1779734626.376][DEBUG]: DevTools WebSocket Command: Page.getFrameTree (id=127) (session_id=C343CF4352215FB366222828881A9632) 317BCE1B69ADD5E2CB8896729B0FD2F0 {
}
[1779734626.376][DEBUG]: DevTools WebSocket Response: Page.getFrameTree (id=127) (session_id=C343CF4352215FB366222828881A9632) 317BCE1B69ADD5E2CB8896729B0FD2F0 {
   "frameTree": {
      "frame": {
         "adFrameStatus": {
            "adFrameType": "none"
         },
         "crossOriginIsolatedContextType": "NotIsolated",
         "domainAndRegistry": "",
         "gatedAPIFeatures": [  ],
         "id": "317BCE1B69ADD5E2CB8896729B0FD2F0",
         "loaderId": "2C21B7B2370530493067CC90F3A2B5D4",
         "mimeType": "text/html",
         "secureContextType": "SecureLocalhost",
         "securityOrigin": "http://localhost:3001",
         "securityOriginDetails": {
            "isLocalhost": true
         },
         "url": "http://localhost:3001/38/"
      }
   }
}
[1779734626.376][DEBUG]: DevTools WebSocket Command: DOM.resolveNode (id=128) (session_id=C343CF4352215FB366222828881A9632) 317BCE1B69ADD5E2CB8896729B0FD2F0 {
   "backendNodeId": 7,
   "objectGroup": "65e7efbf-3114-4388-9ec9-97edb2e39b1f"
}
[1779734626.377][DEBUG]: DevTools WebSocket Response: DOM.resolveNode (id=128) (session_id=C343CF4352215FB366222828881A9632) 317BCE1B69ADD5E2CB8896729B0FD2F0 {
   "object": {
      "className": "HTMLLIElement",
      "description": "li.ant-dropdown-menu-item.ant-dropdown-menu-item-only-child",
      "objectId": "4035418071753636418.1.36",
      "subtype": "node",
      "type": "object"
   }
}
[1779734626.377][DEBUG]: DevTools WebSocket Command: Page.getFrameTree (id=129) (session_id=C343CF4352215FB366222828881A9632) 317BCE1B69ADD5E2CB8896729B0FD2F0 {
}
[1779734626.377][DEBUG]: DevTools WebSocket Response: Page.getFrameTree (id=129) (session_id=C343CF4352215FB366222828881A9632) 317BCE1B69ADD5E2CB8896729B0FD2F0 {
   "frameTree": {
      "frame": {
         "adFrameStatus": {
            "adFrameType": "none"
         },
         "crossOriginIsolatedContextType": "NotIsolated",
         "domainAndRegistry": "",
         "gatedAPIFeatures": [  ],
         "id": "317BCE1B69ADD5E2CB8896729B0FD2F0",
         "loaderId": "2C21B7B2370530493067CC90F3A2B5D4",
         "mimeType": "text/html",
         "secureContextType": "SecureLocalhost",
         "securityOrigin": "http://localhost:3001",
         "securityOriginDetails": {
            "isLocalhost": true
         },
         "url": "http://localhost:3001/38/"
      }
   }
}
[1779734626.377][DEBUG]: DevTools WebSocket Command: Runtime.callFunctionOn (id=130) (session_id=C343CF4352215FB366222828881A9632) 317BCE1B69ADD5E2CB8896729B0FD2F0 {
   "arguments": [ {
      "objectId": "4035418071753636418.1.36"
   } ],
   "awaitPromise": true,
   "functionDeclaration": "function(){ return (function() { // Copyright 2012 The Chromium Authors\n// Use of this source code is governed by a BSD-style license that can be\n// found in the LICENSE file.\n\n/**\n * Enum for WebD...",
   "objectGroup": "65e7efbf-3114-4388-9ec9-97edb2e39b1f",
   "serializationOptions": {
      "serialization": "deep"
   },
   "uniqueContextId": "2750693019167562417.1494659916094996533"
}
[1779734626.379][DEBUG]: DevTools WebSocket Response: Runtime.callFunctionOn (id=130) (session_id=C343CF4352215FB366222828881A9632) 317BCE1B69ADD5E2CB8896729B0FD2F0 {
   "result": {
      "className": "Array",
      "deepSerializedValue": {
         "type": "array",
         "value": [ {
            "type": "string",
            "value": "{\"status\":0,\"value\":true}"
         } ]
      },
      "description": "Array(1)",
      "objectId": "4035418071753636418.1.37",
      "subtype": "array",
      "type": "object"
   }
}
[1779734626.379][DEBUG]: DevTools WebSocket Command: Runtime.releaseObjectGroup (id=131) (session_id=C343CF4352215FB366222828881A9632) 317BCE1B69ADD5E2CB8896729B0FD2F0 {
   "objectGroup": "65e7efbf-3114-4388-9ec9-97edb2e39b1f"
}
[1779734626.379][INFO]: Waiting for pending navigations...
[1779734626.379][DEBUG]: DevTools WebSocket Command: Runtime.evaluate (id=132) (session_id=C343CF4352215FB366222828881A9632) 317BCE1B69ADD5E2CB8896729B0FD2F0 {
   "expression": "1"
}
[1779734626.379][DEBUG]: DevTools WebSocket Response: Runtime.releaseObjectGroup (id=131) (session_id=C343CF4352215FB366222828881A9632) 317BCE1B69ADD5E2CB8896729B0FD2F0 {
}
[1779734626.379][DEBUG]: DevTools WebSocket Response: Runtime.evaluate (id=132) (session_id=C343CF4352215FB366222828881A9632) 317BCE1B69ADD5E2CB8896729B0FD2F0 {
   "result": {
      "description": "1",
      "type": "number",
      "value": 1
   }
}
[1779734626.379][INFO]: Done waiting for pending navigations. Status: ok
[1779734626.379][INFO]: [a35b00a5256d9587b3fd79578b6fec5c] RESPONSE ExecuteScript true
[1779734626.381][INFO]: [a35b00a5256d9587b3fd79578b6fec5c] COMMAND FindElements {
   "using": "css selector",
   "value": "li[data-menu-id*=\"import\"]:not([data-menu-id*=\"importdb\"])"
}
[1779734626.381][INFO]: Waiting for pending navigations...
[1779734626.381][DEBUG]: DevTools WebSocket Command: Runtime.evaluate (id=133) (session_id=C343CF4352215FB366222828881A9632) 317BCE1B69ADD5E2CB8896729B0FD2F0 {
   "expression": "1"
}
[1779734626.382][DEBUG]: DevTools WebSocket Response: Runtime.evaluate (id=133) (session_id=C343CF4352215FB366222828881A9632) 317BCE1B69ADD5E2CB8896729B0FD2F0 {
   "result": {
      "description": "1",
      "type": "number",
      "value": 1
   }
}
[1779734626.382][INFO]: Done waiting for pending navigations. Status: ok
[1779734626.382][DEBUG]: DevTools WebSocket Command: Page.getFrameTree (id=134) (session_id=C343CF4352215FB366222828881A9632) 317BCE1B69ADD5E2CB8896729B0FD2F0 {
}
[1779734626.382][DEBUG]: DevTools WebSocket Response: Page.getFrameTree (id=134) (session_id=C343CF4352215FB366222828881A9632) 317BCE1B69ADD5E2CB8896729B0FD2F0 {
   "frameTree": {
      "frame": {
         "adFrameStatus": {
            "adFrameType": "none"
         },
         "crossOriginIsolatedContextType": "NotIsolated",
         "domainAndRegistry": "",
         "gatedAPIFeatures": [  ],
         "id": "317BCE1B69ADD5E2CB8896729B0FD2F0",
         "loaderId": "2C21B7B2370530493067CC90F3A2B5D4",
         "mimeType": "text/html",
         "secureContextType": "SecureLocalhost",
         "securityOrigin": "http://localhost:3001",
         "securityOriginDetails": {
            "isLocalhost": true
         },
         "url": "http://localhost:3001/38/"
      }
   }
}
[1779734626.382][DEBUG]: DevTools WebSocket Command: Page.getFrameTree (id=135) (session_id=C343CF4352215FB366222828881A9632) 317BCE1B69ADD5E2CB8896729B0FD2F0 {
}
[1779734626.382][DEBUG]: DevTools WebSocket Response: Page.getFrameTree (id=135) (session_id=C343CF4352215FB366222828881A9632) 317BCE1B69ADD5E2CB8896729B0FD2F0 {
   "frameTree": {
      "frame": {
         "adFrameStatus": {
            "adFrameType": "none"
         },
         "crossOriginIsolatedContextType": "NotIsolated",
         "domainAndRegistry": "",
         "gatedAPIFeatures": [  ],
         "id": "317BCE1B69ADD5E2CB8896729B0FD2F0",
         "loaderId": "2C21B7B2370530493067CC90F3A2B5D4",
         "mimeType": "text/html",
         "secureContextType": "SecureLocalhost",
         "securityOrigin": "http://localhost:3001",
         "securityOriginDetails": {
            "isLocalhost": true
         },
         "url": "http://localhost:3001/38/"
      }
   }
}
[1779734626.383][DEBUG]: DevTools WebSocket Command: Runtime.callFunctionOn (id=136) (session_id=C343CF4352215FB366222828881A9632) 317BCE1B69ADD5E2CB8896729B0FD2F0 {
   "arguments": [  ],
   "awaitPromise": true,
   "functionDeclaration": "function(){ return (function() { // Copyright 2012 The Chromium Authors\n// Use of this source code is governed by a BSD-style license that can be\n// found in the LICENSE file.\n\n/**\n * Enum for WebD...",
   "serializationOptions": {
      "serialization": "deep"
   },
   "uniqueContextId": "2750693019167562417.1494659916094996533"
}
[1779734626.384][DEBUG]: DevTools WebSocket Response: Runtime.callFunctionOn (id=136) (session_id=C343CF4352215FB366222828881A9632) 317BCE1B69ADD5E2CB8896729B0FD2F0 {
   "result": {
      "className": "Array",
      "deepSerializedValue": {
         "type": "array",
         "value": [ {
            "type": "string",
            "value": "{\"status\":0,\"value\":[{\"element-6066-11e4-a52e-4f735466cecf\":0}]}"
         }, {
            "type": "node",
            "value": {
               "attributes": {
                  "aria-describedby": ":r11:",
                  "class": "ant-dropdown-menu-item ant-dropdown-menu-item-only-child",
                  "data-menu-id": "rc-menu-uuid-22866-2-import",
                  "role": "menuitem",
                  "style": "padding: 0px; margin: 5px;",
                  "tabindex": "-1"
               },
               "backendNodeId": 7,
               "childNodeCount": 1,
               "loaderId": "2C21B7B2370530493067CC90F3A2B5D4",
               "localName": "li",
               "namespaceURI": "http://www.w3.org/1999/xhtml",
               "nodeType": 1,
               "shadowRoot": null
            }
         } ]
      },
      "description": "Array(2)",
      "objectId": "4035418071753636418.1.38",
      "subtype": "array",
      "type": "object"
   }
}
[1779734626.384][INFO]: Waiting for pending navigations...
[1779734626.384][DEBUG]: DevTools WebSocket Command: Runtime.evaluate (id=137) (session_id=C343CF4352215FB366222828881A9632) 317BCE1B69ADD5E2CB8896729B0FD2F0 {
   "expression": "1"
}
[1779734626.384][DEBUG]: DevTools WebSocket Response: Runtime.evaluate (id=137) (session_id=C343CF4352215FB366222828881A9632) 317BCE1B69ADD5E2CB8896729B0FD2F0 {
   "result": {
      "description": "1",
      "type": "number",
      "value": 1
   }
}
[1779734626.384][INFO]: Done waiting for pending navigations. Status: ok
[1779734626.384][INFO]: [a35b00a5256d9587b3fd79578b6fec5c] RESPONSE FindElements [ {
   "element-6066-11e4-a52e-4f735466cecf": "f.317BCE1B69ADD5E2CB8896729B0FD2F0.d.2C21B7B2370530493067CC90F3A2B5D4.e.7"
} ]
[1779734626.386][INFO]: [a35b00a5256d9587b3fd79578b6fec5c] COMMAND ClickElement {
   "id": "f.317BCE1B69ADD5E2CB8896729B0FD2F0.d.2C21B7B2370530493067CC90F3A2B5D4.e.7"
}
[1779734626.386][INFO]: Waiting for pending navigations...
[1779734626.386][DEBUG]: DevTools WebSocket Command: Runtime.evaluate (id=138) (session_id=C343CF4352215FB366222828881A9632) 317BCE1B69ADD5E2CB8896729B0FD2F0 {
   "expression": "1"
}
[1779734626.386][DEBUG]: DevTools WebSocket Response: Runtime.evaluate (id=138) (session_id=C343CF4352215FB366222828881A9632) 317BCE1B69ADD5E2CB8896729B0FD2F0 {
   "result": {
      "description": "1",
      "type": "number",
      "value": 1
   }
}
[1779734626.386][INFO]: Done waiting for pending navigations. Status: ok
[1779734626.386][DEBUG]: DevTools WebSocket Command: Page.getFrameTree (id=139) (session_id=C343CF4352215FB366222828881A9632) 317BCE1B69ADD5E2CB8896729B0FD2F0 {
}
[1779734626.386][DEBUG]: DevTools WebSocket Response: Page.getFrameTree (id=139) (session_id=C343CF4352215FB366222828881A9632) 317BCE1B69ADD5E2CB8896729B0FD2F0 {
   "frameTree": {
      "frame": {
         "adFrameStatus": {
            "adFrameType": "none"
         },
         "crossOriginIsolatedContextType": "NotIsolated",
         "domainAndRegistry": "",
         "gatedAPIFeatures": [  ],
         "id": "317BCE1B69ADD5E2CB8896729B0FD2F0",
         "loaderId": "2C21B7B2370530493067CC90F3A2B5D4",
         "mimeType": "text/html",
         "secureContextType": "SecureLocalhost",
         "securityOrigin": "http://localhost:3001",
         "securityOriginDetails": {
            "isLocalhost": true
         },
         "url": "http://localhost:3001/38/"
      }
   }
}
[1779734626.386][DEBUG]: DevTools WebSocket Command: DOM.resolveNode (id=140) (session_id=C343CF4352215FB366222828881A9632) 317BCE1B69ADD5E2CB8896729B0FD2F0 {
   "backendNodeId": 7,
   "objectGroup": "e9739ef1-18bd-47a1-9375-7c26d0f5909e"
}
[1779734626.387][DEBUG]: DevTools WebSocket Response: DOM.resolveNode (id=140) (session_id=C343CF4352215FB366222828881A9632) 317BCE1B69ADD5E2CB8896729B0FD2F0 {
   "object": {
      "className": "HTMLLIElement",
      "description": "li.ant-dropdown-menu-item.ant-dropdown-menu-item-only-child",
      "objectId": "4035418071753636418.1.39",
      "subtype": "node",
      "type": "object"
   }
}
[1779734626.387][DEBUG]: DevTools WebSocket Command: Page.getFrameTree (id=141) (session_id=C343CF4352215FB366222828881A9632) 317BCE1B69ADD5E2CB8896729B0FD2F0 {
}
[1779734626.387][DEBUG]: DevTools WebSocket Response: Page.getFrameTree (id=141) (session_id=C343CF4352215FB366222828881A9632) 317BCE1B69ADD5E2CB8896729B0FD2F0 {
   "frameTree": {
      "frame": {
         "adFrameStatus": {
            "adFrameType": "none"
         },
         "crossOriginIsolatedContextType": "NotIsolated",
         "domainAndRegistry": "",
         "gatedAPIFeatures": [  ],
         "id": "317BCE1B69ADD5E2CB8896729B0FD2F0",
         "loaderId": "2C21B7B2370530493067CC90F3A2B5D4",
         "mimeType": "text/html",
         "secureContextType": "SecureLocalhost",
         "securityOrigin": "http://localhost:3001",
         "securityOriginDetails": {
            "isLocalhost": true
         },
         "url": "http://localhost:3001/38/"
      }
   }
}
[1779734626.387][DEBUG]: DevTools WebSocket Command: Runtime.callFunctionOn (id=142) (session_id=C343CF4352215FB366222828881A9632) 317BCE1B69ADD5E2CB8896729B0FD2F0 {
   "arguments": [ {
      "objectId": "4035418071753636418.1.39"
   } ],
   "awaitPromise": true,
   "functionDeclaration": "function(){ return (function() { // Copyright 2012 The Chromium Authors\n// Use of this source code is governed by a BSD-style license that can be\n// found in the LICENSE file.\n\n/**\n * Enum for WebD...",
   "objectGroup": "e9739ef1-18bd-47a1-9375-7c26d0f5909e",
   "serializationOptions": {
      "serialization": "deep"
   },
   "uniqueContextId": "2750693019167562417.1494659916094996533"
}
[1779734626.387][DEBUG]: DevTools WebSocket Response: Runtime.callFunctionOn (id=142) (session_id=C343CF4352215FB366222828881A9632) 317BCE1B69ADD5E2CB8896729B0FD2F0 {
   "result": {
      "className": "Array",
      "deepSerializedValue": {
         "type": "array",
         "value": [ {
            "type": "string",
            "value": "{\"status\":0,\"value\":\"LI\"}"
         } ]
      },
      "description": "Array(1)",
      "objectId": "4035418071753636418.1.40",
      "subtype": "array",
      "type": "object"
   }
}
[1779734626.388][DEBUG]: DevTools WebSocket Command: Runtime.releaseObjectGroup (id=143) (session_id=C343CF4352215FB366222828881A9632) 317BCE1B69ADD5E2CB8896729B0FD2F0 {
   "objectGroup": "e9739ef1-18bd-47a1-9375-7c26d0f5909e"
}
[1779734626.388][DEBUG]: DevTools WebSocket Command: Page.getFrameTree (id=144) (session_id=C343CF4352215FB366222828881A9632) 317BCE1B69ADD5E2CB8896729B0FD2F0 {
}
[1779734626.388][DEBUG]: DevTools WebSocket Response: Runtime.releaseObjectGroup (id=143) (session_id=C343CF4352215FB366222828881A9632) 317BCE1B69ADD5E2CB8896729B0FD2F0 {
}
[1779734626.388][DEBUG]: DevTools WebSocket Response: Page.getFrameTree (id=144) (session_id=C343CF4352215FB366222828881A9632) 317BCE1B69ADD5E2CB8896729B0FD2F0 {
   "frameTree": {
      "frame": {
         "adFrameStatus": {
            "adFrameType": "none"
         },
         "crossOriginIsolatedContextType": "NotIsolated",
         "domainAndRegistry": "",
         "gatedAPIFeatures": [  ],
         "id": "317BCE1B69ADD5E2CB8896729B0FD2F0",
         "loaderId": "2C21B7B2370530493067CC90F3A2B5D4",
         "mimeType": "text/html",
         "secureContextType": "SecureLocalhost",
         "securityOrigin": "http://localhost:3001",
         "securityOriginDetails": {
            "isLocalhost": true
         },
         "url": "http://localhost:3001/38/"
      }
   }
}
[1779734626.388][DEBUG]: DevTools WebSocket Command: DOM.resolveNode (id=145) (session_id=C343CF4352215FB366222828881A9632) 317BCE1B69ADD5E2CB8896729B0FD2F0 {
   "backendNodeId": 7,
   "objectGroup": "dcd7d384-b48f-4af3-813e-15650de22fae"
}
[1779734626.388][DEBUG]: DevTools WebSocket Response: DOM.resolveNode (id=145) (session_id=C343CF4352215FB366222828881A9632) 317BCE1B69ADD5E2CB8896729B0FD2F0 {
   "object": {
      "className": "HTMLLIElement",
      "description": "li.ant-dropdown-menu-item.ant-dropdown-menu-item-only-child",
      "objectId": "4035418071753636418.1.41",
      "subtype": "node",
      "type": "object"
   }
}
[1779734626.388][DEBUG]: DevTools WebSocket Command: Page.getFrameTree (id=146) (session_id=C343CF4352215FB366222828881A9632) 317BCE1B69ADD5E2CB8896729B0FD2F0 {
}
[1779734626.388][DEBUG]: DevTools WebSocket Response: Page.getFrameTree (id=146) (session_id=C343CF4352215FB366222828881A9632) 317BCE1B69ADD5E2CB8896729B0FD2F0 {
   "frameTree": {
      "frame": {
         "adFrameStatus": {
            "adFrameType": "none"
         },
         "crossOriginIsolatedContextType": "NotIsolated",
         "domainAndRegistry": "",
         "gatedAPIFeatures": [  ],
         "id": "317BCE1B69ADD5E2CB8896729B0FD2F0",
         "loaderId": "2C21B7B2370530493067CC90F3A2B5D4",
         "mimeType": "text/html",
         "secureContextType": "SecureLocalhost",
         "securityOrigin": "http://localhost:3001",
         "securityOriginDetails": {
            "isLocalhost": true
         },
         "url": "http://localhost:3001/38/"
      }
   }
}
[1779734626.388][DEBUG]: DevTools WebSocket Command: Runtime.callFunctionOn (id=147) (session_id=C343CF4352215FB366222828881A9632) 317BCE1B69ADD5E2CB8896729B0FD2F0 {
   "arguments": [ {
      "objectId": "4035418071753636418.1.41"
   } ],
   "awaitPromise": true,
   "functionDeclaration": "function(){ return (function() { // Copyright 2012 The Chromium Authors\n// Use of this source code is governed by a BSD-style license that can be\n// found in the LICENSE file.\n\n/**\n * Enum for WebD...",
   "objectGroup": "dcd7d384-b48f-4af3-813e-15650de22fae",
   "serializationOptions": {
      "serialization": "deep"
   },
   "uniqueContextId": "2750693019167562417.1494659916094996533"
}
[1779734626.389][DEBUG]: DevTools WebSocket Response: Runtime.callFunctionOn (id=147) (session_id=C343CF4352215FB366222828881A9632) 317BCE1B69ADD5E2CB8896729B0FD2F0 {
   "result": {
      "className": "Array",
      "deepSerializedValue": {
         "type": "array",
         "value": [ {
            "type": "string",
            "value": "{\"status\":0,\"value\":\"LI\"}"
         } ]
      },
      "description": "Array(1)",
      "objectId": "4035418071753636418.1.42",
      "subtype": "array",
      "type": "object"
   }
}
[1779734626.389][DEBUG]: DevTools WebSocket Command: Runtime.releaseObjectGroup (id=148) (session_id=C343CF4352215FB366222828881A9632) 317BCE1B69ADD5E2CB8896729B0FD2F0 {
   "objectGroup": "dcd7d384-b48f-4af3-813e-15650de22fae"
}
[1779734626.389][DEBUG]: DevTools WebSocket Command: Page.getFrameTree (id=149) (session_id=C343CF4352215FB366222828881A9632) 317BCE1B69ADD5E2CB8896729B0FD2F0 {
}
[1779734626.389][DEBUG]: DevTools WebSocket Response: Runtime.releaseObjectGroup (id=148) (session_id=C343CF4352215FB366222828881A9632) 317BCE1B69ADD5E2CB8896729B0FD2F0 {
}
[1779734626.389][DEBUG]: DevTools WebSocket Response: Page.getFrameTree (id=149) (session_id=C343CF4352215FB366222828881A9632) 317BCE1B69ADD5E2CB8896729B0FD2F0 {
   "frameTree": {
      "frame": {
         "adFrameStatus": {
            "adFrameType": "none"
         },
         "crossOriginIsolatedContextType": "NotIsolated",
         "domainAndRegistry": "",
         "gatedAPIFeatures": [  ],
         "id": "317BCE1B69ADD5E2CB8896729B0FD2F0",
         "loaderId": "2C21B7B2370530493067CC90F3A2B5D4",
         "mimeType": "text/html",
         "secureContextType": "SecureLocalhost",
         "securityOrigin": "http://localhost:3001",
         "securityOriginDetails": {
            "isLocalhost": true
         },
         "url": "http://localhost:3001/38/"
      }
   }
}
[1779734626.389][DEBUG]: DevTools WebSocket Command: DOM.resolveNode (id=150) (session_id=C343CF4352215FB366222828881A9632) 317BCE1B69ADD5E2CB8896729B0FD2F0 {
   "backendNodeId": 7,
   "objectGroup": "0be57b0e-c8e6-43ef-8236-1c5c997fcfe2"
}
[1779734626.389][DEBUG]: DevTools WebSocket Response: DOM.resolveNode (id=150) (session_id=C343CF4352215FB366222828881A9632) 317BCE1B69ADD5E2CB8896729B0FD2F0 {
   "object": {
      "className": "HTMLLIElement",
      "description": "li.ant-dropdown-menu-item.ant-dropdown-menu-item-only-child",
      "objectId": "4035418071753636418.1.43",
      "subtype": "node",
      "type": "object"
   }
}
[1779734626.389][DEBUG]: DevTools WebSocket Command: Page.getFrameTree (id=151) (session_id=C343CF4352215FB366222828881A9632) 317BCE1B69ADD5E2CB8896729B0FD2F0 {
}
[1779734626.389][DEBUG]: DevTools WebSocket Response: Page.getFrameTree (id=151) (session_id=C343CF4352215FB366222828881A9632) 317BCE1B69ADD5E2CB8896729B0FD2F0 {
   "frameTree": {
      "frame": {
         "adFrameStatus": {
            "adFrameType": "none"
         },
         "crossOriginIsolatedContextType": "NotIsolated",
         "domainAndRegistry": "",
         "gatedAPIFeatures": [  ],
         "id": "317BCE1B69ADD5E2CB8896729B0FD2F0",
         "loaderId": "2C21B7B2370530493067CC90F3A2B5D4",
         "mimeType": "text/html",
         "secureContextType": "SecureLocalhost",
         "securityOrigin": "http://localhost:3001",
         "securityOriginDetails": {
            "isLocalhost": true
         },
         "url": "http://localhost:3001/38/"
      }
   }
}
[1779734626.390][DEBUG]: DevTools WebSocket Command: Runtime.callFunctionOn (id=152) (session_id=C343CF4352215FB366222828881A9632) 317BCE1B69ADD5E2CB8896729B0FD2F0 {
   "arguments": [ {
      "objectId": "4035418071753636418.1.43"
   } ],
   "awaitPromise": true,
   "functionDeclaration": "function(){ return (function() { // Copyright 2012 The Chromium Authors\n// Use of this source code is governed by a BSD-style license that can be\n// found in the LICENSE file.\n\n/**\n * Enum for WebD...",
   "objectGroup": "0be57b0e-c8e6-43ef-8236-1c5c997fcfe2",
   "serializationOptions": {
      "serialization": "deep"
   },
   "uniqueContextId": "2750693019167562417.1494659916094996533"
}
[1779734626.391][DEBUG]: DevTools WebSocket Response: Runtime.callFunctionOn (id=152) (session_id=C343CF4352215FB366222828881A9632) 317BCE1B69ADD5E2CB8896729B0FD2F0 {
   "result": {
      "className": "Array",
      "deepSerializedValue": {
         "type": "array",
         "value": [ {
            "type": "string",
            "value": "{\"status\":0,\"value\":true}"
         } ]
      },
      "description": "Array(1)",
      "objectId": "4035418071753636418.1.44",
      "subtype": "array",
      "type": "object"
   }
}
[1779734626.391][DEBUG]: DevTools WebSocket Command: Runtime.releaseObjectGroup (id=153) (session_id=C343CF4352215FB366222828881A9632) 317BCE1B69ADD5E2CB8896729B0FD2F0 {
   "objectGroup": "0be57b0e-c8e6-43ef-8236-1c5c997fcfe2"
}
[1779734626.391][DEBUG]: DevTools WebSocket Command: Page.getFrameTree (id=154) (session_id=C343CF4352215FB366222828881A9632) 317BCE1B69ADD5E2CB8896729B0FD2F0 {
}
[1779734626.391][DEBUG]: DevTools WebSocket Response: Runtime.releaseObjectGroup (id=153) (session_id=C343CF4352215FB366222828881A9632) 317BCE1B69ADD5E2CB8896729B0FD2F0 {
}
[1779734626.391][DEBUG]: DevTools WebSocket Response: Page.getFrameTree (id=154) (session_id=C343CF4352215FB366222828881A9632) 317BCE1B69ADD5E2CB8896729B0FD2F0 {
   "frameTree": {
      "frame": {
         "adFrameStatus": {
            "adFrameType": "none"
         },
         "crossOriginIsolatedContextType": "NotIsolated",
         "domainAndRegistry": "",
         "gatedAPIFeatures": [  ],
         "id": "317BCE1B69ADD5E2CB8896729B0FD2F0",
         "loaderId": "2C21B7B2370530493067CC90F3A2B5D4",
         "mimeType": "text/html",
         "secureContextType": "SecureLocalhost",
         "securityOrigin": "http://localhost:3001",
         "securityOriginDetails": {
            "isLocalhost": true
         },
         "url": "http://localhost:3001/38/"
      }
   }
}
[1779734626.391][DEBUG]: DevTools WebSocket Command: DOM.resolveNode (id=155) (session_id=C343CF4352215FB366222828881A9632) 317BCE1B69ADD5E2CB8896729B0FD2F0 {
   "backendNodeId": 7,
   "objectGroup": "0e7fc4aa-496b-4765-b389-e0c1c6ebc3d3"
}
[1779734626.391][DEBUG]: DevTools WebSocket Response: DOM.resolveNode (id=155) (session_id=C343CF4352215FB366222828881A9632) 317BCE1B69ADD5E2CB8896729B0FD2F0 {
   "object": {
      "className": "HTMLLIElement",
      "description": "li.ant-dropdown-menu-item.ant-dropdown-menu-item-only-child",
      "objectId": "4035418071753636418.1.45",
      "subtype": "node",
      "type": "object"
   }
}
[1779734626.391][DEBUG]: DevTools WebSocket Command: Page.getFrameTree (id=156) (session_id=C343CF4352215FB366222828881A9632) 317BCE1B69ADD5E2CB8896729B0FD2F0 {
}
[1779734626.391][DEBUG]: DevTools WebSocket Response: Page.getFrameTree (id=156) (session_id=C343CF4352215FB366222828881A9632) 317BCE1B69ADD5E2CB8896729B0FD2F0 {
   "frameTree": {
      "frame": {
         "adFrameStatus": {
            "adFrameType": "none"
         },
         "crossOriginIsolatedContextType": "NotIsolated",
         "domainAndRegistry": "",
         "gatedAPIFeatures": [  ],
         "id": "317BCE1B69ADD5E2CB8896729B0FD2F0",
         "loaderId": "2C21B7B2370530493067CC90F3A2B5D4",
         "mimeType": "text/html",
         "secureContextType": "SecureLocalhost",
         "securityOrigin": "http://localhost:3001",
         "securityOriginDetails": {
            "isLocalhost": true
         },
         "url": "http://localhost:3001/38/"
      }
   }
}
[1779734626.392][DEBUG]: DevTools WebSocket Command: Runtime.callFunctionOn (id=157) (session_id=C343CF4352215FB366222828881A9632) 317BCE1B69ADD5E2CB8896729B0FD2F0 {
   "arguments": [ {
      "objectId": "4035418071753636418.1.45"
   } ],
   "awaitPromise": true,
   "functionDeclaration": "function(){ return (function() { // Copyright 2012 The Chromium Authors\n// Use of this source code is governed by a BSD-style license that can be\n// found in the LICENSE file.\n\n/**\n * Enum for WebD...",
   "objectGroup": "0e7fc4aa-496b-4765-b389-e0c1c6ebc3d3",
   "serializationOptions": {
      "serialization": "deep"
   },
   "uniqueContextId": "2750693019167562417.1494659916094996533"
}
[1779734626.392][DEBUG]: DevTools WebSocket Response: Runtime.callFunctionOn (id=157) (session_id=C343CF4352215FB366222828881A9632) 317BCE1B69ADD5E2CB8896729B0FD2F0 {
   "result": {
      "className": "Array",
      "deepSerializedValue": {
         "type": "array",
         "value": [ {
            "type": "string",
            "value": "{\"status\":0,\"value\":{\"left\":0,\"top\":0,\"height\":22,\"width\":102.203125}}"
         } ]
      },
      "description": "Array(1)",
      "objectId": "4035418071753636418.1.46",
      "subtype": "array",
      "type": "object"
   }
}
[1779734626.392][DEBUG]: DevTools WebSocket Command: Runtime.releaseObjectGroup (id=158) (session_id=C343CF4352215FB366222828881A9632) 317BCE1B69ADD5E2CB8896729B0FD2F0 {
   "objectGroup": "0e7fc4aa-496b-4765-b389-e0c1c6ebc3d3"
}
[1779734626.392][DEBUG]: DevTools WebSocket Command: Page.getFrameTree (id=159) (session_id=C343CF4352215FB366222828881A9632) 317BCE1B69ADD5E2CB8896729B0FD2F0 {
}
[1779734626.392][DEBUG]: DevTools WebSocket Response: Runtime.releaseObjectGroup (id=158) (session_id=C343CF4352215FB366222828881A9632) 317BCE1B69ADD5E2CB8896729B0FD2F0 {
}
[1779734626.392][DEBUG]: DevTools WebSocket Response: Page.getFrameTree (id=159) (session_id=C343CF4352215FB366222828881A9632) 317BCE1B69ADD5E2CB8896729B0FD2F0 {
   "frameTree": {
      "frame": {
         "adFrameStatus": {
            "adFrameType": "none"
         },
         "crossOriginIsolatedContextType": "NotIsolated",
         "domainAndRegistry": "",
         "gatedAPIFeatures": [  ],
         "id": "317BCE1B69ADD5E2CB8896729B0FD2F0",
         "loaderId": "2C21B7B2370530493067CC90F3A2B5D4",
         "mimeType": "text/html",
         "secureContextType": "SecureLocalhost",
         "securityOrigin": "http://localhost:3001",
         "securityOriginDetails": {
            "isLocalhost": true
         },
         "url": "http://localhost:3001/38/"
      }
   }
}
[1779734626.392][DEBUG]: DevTools WebSocket Command: DOM.resolveNode (id=160) (session_id=C343CF4352215FB366222828881A9632) 317BCE1B69ADD5E2CB8896729B0FD2F0 {
   "backendNodeId": 7,
   "objectGroup": "293f3055-ec15-4e8f-a8ac-944d29df1baf"
}
[1779734626.393][DEBUG]: DevTools WebSocket Response: DOM.resolveNode (id=160) (session_id=C343CF4352215FB366222828881A9632) 317BCE1B69ADD5E2CB8896729B0FD2F0 {
   "object": {
      "className": "HTMLLIElement",
      "description": "li.ant-dropdown-menu-item.ant-dropdown-menu-item-only-child",
      "objectId": "4035418071753636418.1.47",
      "subtype": "node",
      "type": "object"
   }
}
[1779734626.393][DEBUG]: DevTools WebSocket Command: Page.getFrameTree (id=161) (session_id=C343CF4352215FB366222828881A9632) 317BCE1B69ADD5E2CB8896729B0FD2F0 {
}
[1779734626.393][DEBUG]: DevTools WebSocket Response: Page.getFrameTree (id=161) (session_id=C343CF4352215FB366222828881A9632) 317BCE1B69ADD5E2CB8896729B0FD2F0 {
   "frameTree": {
      "frame": {
         "adFrameStatus": {
            "adFrameType": "none"
         },
         "crossOriginIsolatedContextType": "NotIsolated",
         "domainAndRegistry": "",
         "gatedAPIFeatures": [  ],
         "id": "317BCE1B69ADD5E2CB8896729B0FD2F0",
         "loaderId": "2C21B7B2370530493067CC90F3A2B5D4",
         "mimeType": "text/html",
         "secureContextType": "SecureLocalhost",
         "securityOrigin": "http://localhost:3001",
         "securityOriginDetails": {
            "isLocalhost": true
         },
         "url": "http://localhost:3001/38/"
      }
   }
}
[1779734626.393][DEBUG]: DevTools WebSocket Command: Runtime.callFunctionOn (id=162) (session_id=C343CF4352215FB366222828881A9632) 317BCE1B69ADD5E2CB8896729B0FD2F0 {
   "arguments": [ {
      "objectId": "4035418071753636418.1.47"
   } ],
   "awaitPromise": true,
   "functionDeclaration": "function(){ return (function() { // Copyright 2012 The Chromium Authors\n// Use of this source code is governed by a BSD-style license that can be\n// found in the LICENSE file.\n\n/**\n * Enum for WebD...",
   "objectGroup": "293f3055-ec15-4e8f-a8ac-944d29df1baf",
   "serializationOptions": {
      "serialization": "deep"
   },
   "uniqueContextId": "2750693019167562417.1494659916094996533"
}
[1779734626.396][DEBUG]: DevTools WebSocket Response: Runtime.callFunctionOn (id=162) (session_id=C343CF4352215FB366222828881A9632) 317BCE1B69ADD5E2CB8896729B0FD2F0 {
   "result": {
      "className": "Array",
      "deepSerializedValue": {
         "type": "array",
         "value": [ {
            "type": "string",
            "value": "{\"status\":0,\"value\":{\"x\":924,\"y\":76,\"clone\":{},\"ceil\":{},\"floor\":{},\"round\":{},\"translate\":{},\"scale\":{}}}"
         } ]
      },
      "description": "Array(1)",
      "objectId": "4035418071753636418.1.48",
      "subtype": "array",
      "type": "object"
   }
}
[1779734626.396][DEBUG]: DevTools WebSocket Command: Runtime.releaseObjectGroup (id=163) (session_id=C343CF4352215FB366222828881A9632) 317BCE1B69ADD5E2CB8896729B0FD2F0 {
   "objectGroup": "293f3055-ec15-4e8f-a8ac-944d29df1baf"
}
[1779734626.396][DEBUG]: DevTools WebSocket Command: Page.getFrameTree (id=164) (session_id=C343CF4352215FB366222828881A9632) 317BCE1B69ADD5E2CB8896729B0FD2F0 {
}
[1779734626.396][DEBUG]: DevTools WebSocket Response: Runtime.releaseObjectGroup (id=163) (session_id=C343CF4352215FB366222828881A9632) 317BCE1B69ADD5E2CB8896729B0FD2F0 {
}
[1779734626.396][DEBUG]: DevTools WebSocket Response: Page.getFrameTree (id=164) (session_id=C343CF4352215FB366222828881A9632) 317BCE1B69ADD5E2CB8896729B0FD2F0 {
   "frameTree": {
      "frame": {
         "adFrameStatus": {
            "adFrameType": "none"
         },
         "crossOriginIsolatedContextType": "NotIsolated",
         "domainAndRegistry": "",
         "gatedAPIFeatures": [  ],
         "id": "317BCE1B69ADD5E2CB8896729B0FD2F0",
         "loaderId": "2C21B7B2370530493067CC90F3A2B5D4",
         "mimeType": "text/html",
         "secureContextType": "SecureLocalhost",
         "securityOrigin": "http://localhost:3001",
         "securityOriginDetails": {
            "isLocalhost": true
         },
         "url": "http://localhost:3001/38/"
      }
   }
}
[1779734626.396][DEBUG]: DevTools WebSocket Command: DOM.resolveNode (id=165) (session_id=C343CF4352215FB366222828881A9632) 317BCE1B69ADD5E2CB8896729B0FD2F0 {
   "backendNodeId": 7,
   "objectGroup": "64b69557-0eff-4fa5-af8e-604ea7371d60"
}
[1779734626.396][DEBUG]: DevTools WebSocket Response: DOM.resolveNode (id=165) (session_id=C343CF4352215FB366222828881A9632) 317BCE1B69ADD5E2CB8896729B0FD2F0 {
   "object": {
      "className": "HTMLLIElement",
      "description": "li.ant-dropdown-menu-item.ant-dropdown-menu-item-only-child",
      "objectId": "4035418071753636418.1.49",
      "subtype": "node",
      "type": "object"
   }
}
[1779734626.396][DEBUG]: DevTools WebSocket Command: Page.getFrameTree (id=166) (session_id=C343CF4352215FB366222828881A9632) 317BCE1B69ADD5E2CB8896729B0FD2F0 {
}
[1779734626.396][DEBUG]: DevTools WebSocket Response: Page.getFrameTree (id=166) (session_id=C343CF4352215FB366222828881A9632) 317BCE1B69ADD5E2CB8896729B0FD2F0 {
   "frameTree": {
      "frame": {
         "adFrameStatus": {
            "adFrameType": "none"
         },
         "crossOriginIsolatedContextType": "NotIsolated",
         "domainAndRegistry": "",
         "gatedAPIFeatures": [  ],
         "id": "317BCE1B69ADD5E2CB8896729B0FD2F0",
         "loaderId": "2C21B7B2370530493067CC90F3A2B5D4",
         "mimeType": "text/html",
         "secureContextType": "SecureLocalhost",
         "securityOrigin": "http://localhost:3001",
         "securityOriginDetails": {
            "isLocalhost": true
         },
         "url": "http://localhost:3001/38/"
      }
   }
}
[1779734626.397][DEBUG]: DevTools WebSocket Command: Runtime.callFunctionOn (id=167) (session_id=C343CF4352215FB366222828881A9632) 317BCE1B69ADD5E2CB8896729B0FD2F0 {
   "arguments": [ {
      "objectId": "4035418071753636418.1.49"
   } ],
   "awaitPromise": true,
   "functionDeclaration": "function(){ return (function() { // Copyright 2012 The Chromium Authors\n// Use of this source code is governed by a BSD-style license that can be\n// found in the LICENSE file.\n\n/**\n * Enum for WebD...",
   "objectGroup": "64b69557-0eff-4fa5-af8e-604ea7371d60",
   "serializationOptions": {
      "serialization": "deep"
   },
   "uniqueContextId": "2750693019167562417.1494659916094996533"
}
[1779734626.399][DEBUG]: DevTools WebSocket Response: Runtime.callFunctionOn (id=167) (session_id=C343CF4352215FB366222828881A9632) 317BCE1B69ADD5E2CB8896729B0FD2F0 {
   "result": {
      "className": "Array",
      "deepSerializedValue": {
         "type": "array",
         "value": [ {
            "type": "string",
            "value": "{\"status\":0,\"value\":{\"clickable\":true,\"message\":\"Element's descendant would receive the click. Consider clicking the descendant instead. Descendant: \u003Clabel class=\\\"cursor-pointer p-2\\\">...\u003C/label>\"}}"
         } ]
      },
      "description": "Array(1)",
      "objectId": "4035418071753636418.1.50",
      "subtype": "array",
      "type": "object"
   }
}
[1779734626.399][DEBUG]: DevTools WebSocket Command: Runtime.releaseObjectGroup (id=168) (session_id=C343CF4352215FB366222828881A9632) 317BCE1B69ADD5E2CB8896729B0FD2F0 {
   "objectGroup": "64b69557-0eff-4fa5-af8e-604ea7371d60"
}
[1779734626.399][DEBUG]: DevTools WebSocket Command: Page.getFrameTree (id=169) (session_id=C343CF4352215FB366222828881A9632) 317BCE1B69ADD5E2CB8896729B0FD2F0 {
}
[1779734626.399][DEBUG]: DevTools WebSocket Response: Runtime.releaseObjectGroup (id=168) (session_id=C343CF4352215FB366222828881A9632) 317BCE1B69ADD5E2CB8896729B0FD2F0 {
}
[1779734626.399][DEBUG]: DevTools WebSocket Response: Page.getFrameTree (id=169) (session_id=C343CF4352215FB366222828881A9632) 317BCE1B69ADD5E2CB8896729B0FD2F0 {
   "frameTree": {
      "frame": {
         "adFrameStatus": {
            "adFrameType": "none"
         },
         "crossOriginIsolatedContextType": "NotIsolated",
         "domainAndRegistry": "",
         "gatedAPIFeatures": [  ],
         "id": "317BCE1B69ADD5E2CB8896729B0FD2F0",
         "loaderId": "2C21B7B2370530493067CC90F3A2B5D4",
         "mimeType": "text/html",
         "secureContextType": "SecureLocalhost",
         "securityOrigin": "http://localhost:3001",
         "securityOriginDetails": {
            "isLocalhost": true
         },
         "url": "http://localhost:3001/38/"
      }
   }
}
[1779734626.399][DEBUG]: DevTools WebSocket Command: DOM.resolveNode (id=170) (session_id=C343CF4352215FB366222828881A9632) 317BCE1B69ADD5E2CB8896729B0FD2F0 {
   "backendNodeId": 7,
   "objectGroup": "76f3c5c5-83b2-4a65-b3d8-0cafd610f1af"
}
[1779734626.399][DEBUG]: DevTools WebSocket Response: DOM.resolveNode (id=170) (session_id=C343CF4352215FB366222828881A9632) 317BCE1B69ADD5E2CB8896729B0FD2F0 {
   "object": {
      "className": "HTMLLIElement",
      "description": "li.ant-dropdown-menu-item.ant-dropdown-menu-item-only-child",
      "objectId": "4035418071753636418.1.51",
      "subtype": "node",
      "type": "object"
   }
}
[1779734626.399][DEBUG]: DevTools WebSocket Command: Page.getFrameTree (id=171) (session_id=C343CF4352215FB366222828881A9632) 317BCE1B69ADD5E2CB8896729B0FD2F0 {
}
[1779734626.399][DEBUG]: DevTools WebSocket Response: Page.getFrameTree (id=171) (session_id=C343CF4352215FB366222828881A9632) 317BCE1B69ADD5E2CB8896729B0FD2F0 {
   "frameTree": {
      "frame": {
         "adFrameStatus": {
            "adFrameType": "none"
         },
         "crossOriginIsolatedContextType": "NotIsolated",
         "domainAndRegistry": "",
         "gatedAPIFeatures": [  ],
         "id": "317BCE1B69ADD5E2CB8896729B0FD2F0",
         "loaderId": "2C21B7B2370530493067CC90F3A2B5D4",
         "mimeType": "text/html",
         "secureContextType": "SecureLocalhost",
         "securityOrigin": "http://localhost:3001",
         "securityOriginDetails": {
            "isLocalhost": true
         },
         "url": "http://localhost:3001/38/"
      }
   }
}
[1779734626.399][DEBUG]: DevTools WebSocket Command: Runtime.callFunctionOn (id=172) (session_id=C343CF4352215FB366222828881A9632) 317BCE1B69ADD5E2CB8896729B0FD2F0 {
   "arguments": [ {
      "objectId": "4035418071753636418.1.51"
   } ],
   "awaitPromise": true,
   "functionDeclaration": "function(){ return (function() { // Copyright 2012 The Chromium Authors\n// Use of this source code is governed by a BSD-style license that can be\n// found in the LICENSE file.\n\n/**\n * Enum for WebD...",
   "objectGroup": "76f3c5c5-83b2-4a65-b3d8-0cafd610f1af",
   "serializationOptions": {
      "serialization": "deep"
   },
   "uniqueContextId": "2750693019167562417.1494659916094996533"
}
[1779734626.400][DEBUG]: DevTools WebSocket Response: Runtime.callFunctionOn (id=172) (session_id=C343CF4352215FB366222828881A9632) 317BCE1B69ADD5E2CB8896729B0FD2F0 {
   "result": {
      "className": "Array",
      "deepSerializedValue": {
         "type": "array",
         "value": [ {
            "type": "string",
            "value": "{\"status\":0,\"value\":\"LI\"}"
         } ]
      },
      "description": "Array(1)",
      "objectId": "4035418071753636418.1.52",
      "subtype": "array",
      "type": "object"
   }
}
[1779734626.400][DEBUG]: DevTools WebSocket Command: Runtime.releaseObjectGroup (id=173) (session_id=C343CF4352215FB366222828881A9632) 317BCE1B69ADD5E2CB8896729B0FD2F0 {
   "objectGroup": "76f3c5c5-83b2-4a65-b3d8-0cafd610f1af"
}
[1779734626.400][DEBUG]: DevTools WebSocket Command: Page.getFrameTree (id=174) (session_id=C343CF4352215FB366222828881A9632) 317BCE1B69ADD5E2CB8896729B0FD2F0 {
}
[1779734626.400][DEBUG]: DevTools WebSocket Response: Runtime.releaseObjectGroup (id=173) (session_id=C343CF4352215FB366222828881A9632) 317BCE1B69ADD5E2CB8896729B0FD2F0 {
}
[1779734626.400][DEBUG]: DevTools WebSocket Response: Page.getFrameTree (id=174) (session_id=C343CF4352215FB366222828881A9632) 317BCE1B69ADD5E2CB8896729B0FD2F0 {
   "frameTree": {
      "frame": {
         "adFrameStatus": {
            "adFrameType": "none"
         },
         "crossOriginIsolatedContextType": "NotIsolated",
         "domainAndRegistry": "",
         "gatedAPIFeatures": [  ],
         "id": "317BCE1B69ADD5E2CB8896729B0FD2F0",
         "loaderId": "2C21B7B2370530493067CC90F3A2B5D4",
         "mimeType": "text/html",
         "secureContextType": "SecureLocalhost",
         "securityOrigin": "http://localhost:3001",
         "securityOriginDetails": {
            "isLocalhost": true
         },
         "url": "http://localhost:3001/38/"
      }
   }
}
[1779734626.400][DEBUG]: DevTools WebSocket Command: DOM.resolveNode (id=175) (session_id=C343CF4352215FB366222828881A9632) 317BCE1B69ADD5E2CB8896729B0FD2F0 {
   "backendNodeId": 7,
   "objectGroup": "0d535a05-a080-46a3-abf4-211f4f5a0831"
}
[1779734626.400][DEBUG]: DevTools WebSocket Response: DOM.resolveNode (id=175) (session_id=C343CF4352215FB366222828881A9632) 317BCE1B69ADD5E2CB8896729B0FD2F0 {
   "object": {
      "className": "HTMLLIElement",
      "description": "li.ant-dropdown-menu-item.ant-dropdown-menu-item-only-child",
      "objectId": "4035418071753636418.1.53",
      "subtype": "node",
      "type": "object"
   }
}
[1779734626.400][DEBUG]: DevTools WebSocket Command: Page.getFrameTree (id=176) (session_id=C343CF4352215FB366222828881A9632) 317BCE1B69ADD5E2CB8896729B0FD2F0 {
}
[1779734626.401][DEBUG]: DevTools WebSocket Response: Page.getFrameTree (id=176) (session_id=C343CF4352215FB366222828881A9632) 317BCE1B69ADD5E2CB8896729B0FD2F0 {
   "frameTree": {
      "frame": {
         "adFrameStatus": {
            "adFrameType": "none"
         },
         "crossOriginIsolatedContextType": "NotIsolated",
         "domainAndRegistry": "",
         "gatedAPIFeatures": [  ],
         "id": "317BCE1B69ADD5E2CB8896729B0FD2F0",
         "loaderId": "2C21B7B2370530493067CC90F3A2B5D4",
         "mimeType": "text/html",
         "secureContextType": "SecureLocalhost",
         "securityOrigin": "http://localhost:3001",
         "securityOriginDetails": {
            "isLocalhost": true
         },
         "url": "http://localhost:3001/38/"
      }
   }
}
[1779734626.401][DEBUG]: DevTools WebSocket Command: Runtime.callFunctionOn (id=177) (session_id=C343CF4352215FB366222828881A9632) 317BCE1B69ADD5E2CB8896729B0FD2F0 {
   "arguments": [ {
      "objectId": "4035418071753636418.1.53"
   } ],
   "awaitPromise": true,
   "functionDeclaration": "function(){ return (function() { // Copyright 2012 The Chromium Authors\n// Use of this source code is governed by a BSD-style license that can be\n// found in the LICENSE file.\n\n/**\n * Enum for WebD...",
   "objectGroup": "0d535a05-a080-46a3-abf4-211f4f5a0831",
   "serializationOptions": {
      "serialization": "deep"
   },
   "uniqueContextId": "2750693019167562417.1494659916094996533"
}
[1779734626.403][DEBUG]: DevTools WebSocket Response: Runtime.callFunctionOn (id=177) (session_id=C343CF4352215FB366222828881A9632) 317BCE1B69ADD5E2CB8896729B0FD2F0 {
   "result": {
      "className": "Array",
      "deepSerializedValue": {
         "type": "array",
         "value": [ {
            "type": "string",
            "value": "{\"status\":0,\"value\":true}"
         } ]
      },
      "description": "Array(1)",
      "objectId": "4035418071753636418.1.54",
      "subtype": "array",
      "type": "object"
   }
}
[1779734626.403][DEBUG]: DevTools WebSocket Command: Runtime.releaseObjectGroup (id=178) (session_id=C343CF4352215FB366222828881A9632) 317BCE1B69ADD5E2CB8896729B0FD2F0 {
   "objectGroup": "0d535a05-a080-46a3-abf4-211f4f5a0831"
}
[1779734626.403][DEBUG]: DevTools WebSocket Command: Page.getFrameTree (id=179) (session_id=C343CF4352215FB366222828881A9632) 317BCE1B69ADD5E2CB8896729B0FD2F0 {
}
[1779734626.403][DEBUG]: DevTools WebSocket Response: Runtime.releaseObjectGroup (id=178) (session_id=C343CF4352215FB366222828881A9632) 317BCE1B69ADD5E2CB8896729B0FD2F0 {
}
[1779734626.403][DEBUG]: DevTools WebSocket Response: Page.getFrameTree (id=179) (session_id=C343CF4352215FB366222828881A9632) 317BCE1B69ADD5E2CB8896729B0FD2F0 {
   "frameTree": {
      "frame": {
         "adFrameStatus": {
            "adFrameType": "none"
         },
         "crossOriginIsolatedContextType": "NotIsolated",
         "domainAndRegistry": "",
         "gatedAPIFeatures": [  ],
         "id": "317BCE1B69ADD5E2CB8896729B0FD2F0",
         "loaderId": "2C21B7B2370530493067CC90F3A2B5D4",
         "mimeType": "text/html",
         "secureContextType": "SecureLocalhost",
         "securityOrigin": "http://localhost:3001",
         "securityOriginDetails": {
            "isLocalhost": true
         },
         "url": "http://localhost:3001/38/"
      }
   }
}
[1779734626.403][DEBUG]: DevTools WebSocket Command: DOM.resolveNode (id=180) (session_id=C343CF4352215FB366222828881A9632) 317BCE1B69ADD5E2CB8896729B0FD2F0 {
   "backendNodeId": 7,
   "objectGroup": "d6dac7f5-925a-4549-bceb-9b2ac0563c7f"
}
[1779734626.403][DEBUG]: DevTools WebSocket Response: DOM.resolveNode (id=180) (session_id=C343CF4352215FB366222828881A9632) 317BCE1B69ADD5E2CB8896729B0FD2F0 {
   "object": {
      "className": "HTMLLIElement",
      "description": "li.ant-dropdown-menu-item.ant-dropdown-menu-item-only-child",
      "objectId": "4035418071753636418.1.55",
      "subtype": "node",
      "type": "object"
   }
}
[1779734626.403][DEBUG]: DevTools WebSocket Command: Page.getFrameTree (id=181) (session_id=C343CF4352215FB366222828881A9632) 317BCE1B69ADD5E2CB8896729B0FD2F0 {
}
[1779734626.404][DEBUG]: DevTools WebSocket Response: Page.getFrameTree (id=181) (session_id=C343CF4352215FB366222828881A9632) 317BCE1B69ADD5E2CB8896729B0FD2F0 {
   "frameTree": {
      "frame": {
         "adFrameStatus": {
            "adFrameType": "none"
         },
         "crossOriginIsolatedContextType": "NotIsolated",
         "domainAndRegistry": "",
         "gatedAPIFeatures": [  ],
         "id": "317BCE1B69ADD5E2CB8896729B0FD2F0",
         "loaderId": "2C21B7B2370530493067CC90F3A2B5D4",
         "mimeType": "text/html",
         "secureContextType": "SecureLocalhost",
         "securityOrigin": "http://localhost:3001",
         "securityOriginDetails": {
            "isLocalhost": true
         },
         "url": "http://localhost:3001/38/"
      }
   }
}
[1779734626.404][DEBUG]: DevTools WebSocket Command: Runtime.callFunctionOn (id=182) (session_id=C343CF4352215FB366222828881A9632) 317BCE1B69ADD5E2CB8896729B0FD2F0 {
   "arguments": [ {
      "objectId": "4035418071753636418.1.55"
   } ],
   "awaitPromise": true,
   "functionDeclaration": "function(){ return (function() { // Copyright 2012 The Chromium Authors\n// Use of this source code is governed by a BSD-style license that can be\n// found in the LICENSE file.\n\n/**\n * Enum for WebD...",
   "objectGroup": "d6dac7f5-925a-4549-bceb-9b2ac0563c7f",
   "serializationOptions": {
      "serialization": "deep"
   },
   "uniqueContextId": "2750693019167562417.1494659916094996533"
}
[1779734626.404][DEBUG]: DevTools WebSocket Response: Runtime.callFunctionOn (id=182) (session_id=C343CF4352215FB366222828881A9632) 317BCE1B69ADD5E2CB8896729B0FD2F0 {
   "result": {
      "className": "Array",
      "deepSerializedValue": {
         "type": "array",
         "value": [ {
            "type": "string",
            "value": "{\"status\":0,\"value\":{\"left\":0,\"top\":0,\"height\":22,\"width\":102.203125}}"
         } ]
      },
      "description": "Array(1)",
      "objectId": "4035418071753636418.1.56",
      "subtype": "array",
      "type": "object"
   }
}
[1779734626.404][DEBUG]: DevTools WebSocket Command: Runtime.releaseObjectGroup (id=183) (session_id=C343CF4352215FB366222828881A9632) 317BCE1B69ADD5E2CB8896729B0FD2F0 {
   "objectGroup": "d6dac7f5-925a-4549-bceb-9b2ac0563c7f"
}
[1779734626.404][DEBUG]: DevTools WebSocket Command: Page.getFrameTree (id=184) (session_id=C343CF4352215FB366222828881A9632) 317BCE1B69ADD5E2CB8896729B0FD2F0 {
}
[1779734626.405][DEBUG]: DevTools WebSocket Response: Runtime.releaseObjectGroup (id=183) (session_id=C343CF4352215FB366222828881A9632) 317BCE1B69ADD5E2CB8896729B0FD2F0 {
}
[1779734626.405][DEBUG]: DevTools WebSocket Response: Page.getFrameTree (id=184) (session_id=C343CF4352215FB366222828881A9632) 317BCE1B69ADD5E2CB8896729B0FD2F0 {
   "frameTree": {
      "frame": {
         "adFrameStatus": {
            "adFrameType": "none"
         },
         "crossOriginIsolatedContextType": "NotIsolated",
         "domainAndRegistry": "",
         "gatedAPIFeatures": [  ],
         "id": "317BCE1B69ADD5E2CB8896729B0FD2F0",
         "loaderId": "2C21B7B2370530493067CC90F3A2B5D4",
         "mimeType": "text/html",
         "secureContextType": "SecureLocalhost",
         "securityOrigin": "http://localhost:3001",
         "securityOriginDetails": {
            "isLocalhost": true
         },
         "url": "http://localhost:3001/38/"
      }
   }
}
[1779734626.405][DEBUG]: DevTools WebSocket Command: DOM.resolveNode (id=185) (session_id=C343CF4352215FB366222828881A9632) 317BCE1B69ADD5E2CB8896729B0FD2F0 {
   "backendNodeId": 7,
   "objectGroup": "a024ee93-4c0f-43a2-b376-d0856c07f39b"
}
[1779734626.405][DEBUG]: DevTools WebSocket Response: DOM.resolveNode (id=185) (session_id=C343CF4352215FB366222828881A9632) 317BCE1B69ADD5E2CB8896729B0FD2F0 {
   "object": {
      "className": "HTMLLIElement",
      "description": "li.ant-dropdown-menu-item.ant-dropdown-menu-item-only-child",
      "objectId": "4035418071753636418.1.57",
      "subtype": "node",
      "type": "object"
   }
}
[1779734626.405][DEBUG]: DevTools WebSocket Command: Page.getFrameTree (id=186) (session_id=C343CF4352215FB366222828881A9632) 317BCE1B69ADD5E2CB8896729B0FD2F0 {
}
[1779734626.405][DEBUG]: DevTools WebSocket Response: Page.getFrameTree (id=186) (session_id=C343CF4352215FB366222828881A9632) 317BCE1B69ADD5E2CB8896729B0FD2F0 {
   "frameTree": {
      "frame": {
         "adFrameStatus": {
            "adFrameType": "none"
         },
         "crossOriginIsolatedContextType": "NotIsolated",
         "domainAndRegistry": "",
         "gatedAPIFeatures": [  ],
         "id": "317BCE1B69ADD5E2CB8896729B0FD2F0",
         "loaderId": "2C21B7B2370530493067CC90F3A2B5D4",
         "mimeType": "text/html",
         "secureContextType": "SecureLocalhost",
         "securityOrigin": "http://localhost:3001",
         "securityOriginDetails": {
            "isLocalhost": true
         },
         "url": "http://localhost:3001/38/"
      }
   }
}
[1779734626.405][DEBUG]: DevTools WebSocket Command: Runtime.callFunctionOn (id=187) (session_id=C343CF4352215FB366222828881A9632) 317BCE1B69ADD5E2CB8896729B0FD2F0 {
   "arguments": [ {
      "objectId": "4035418071753636418.1.57"
   } ],
   "awaitPromise": true,
   "functionDeclaration": "function(){ return (function() { // Copyright 2012 The Chromium Authors\n// Use of this source code is governed by a BSD-style license that can be\n// found in the LICENSE file.\n\n/**\n * Enum for WebD...",
   "objectGroup": "a024ee93-4c0f-43a2-b376-d0856c07f39b",
   "serializationOptions": {
      "serialization": "deep"
   },
   "uniqueContextId": "2750693019167562417.1494659916094996533"
}
[1779734626.406][DEBUG]: DevTools WebSocket Response: Runtime.callFunctionOn (id=187) (session_id=C343CF4352215FB366222828881A9632) 317BCE1B69ADD5E2CB8896729B0FD2F0 {
   "result": {
      "className": "Array",
      "deepSerializedValue": {
         "type": "array",
         "value": [ {
            "type": "string",
            "value": "{\"status\":0,\"value\":{\"x\":924,\"y\":76,\"clone\":{},\"ceil\":{},\"floor\":{},\"round\":{},\"translate\":{},\"scale\":{}}}"
         } ]
      },
      "description": "Array(1)",
      "objectId": "4035418071753636418.1.58",
      "subtype": "array",
      "type": "object"
   }
}
[1779734626.406][DEBUG]: DevTools WebSocket Command: Runtime.releaseObjectGroup (id=188) (session_id=C343CF4352215FB366222828881A9632) 317BCE1B69ADD5E2CB8896729B0FD2F0 {
   "objectGroup": "a024ee93-4c0f-43a2-b376-d0856c07f39b"
}
[1779734626.406][DEBUG]: DevTools WebSocket Command: Page.getFrameTree (id=189) (session_id=C343CF4352215FB366222828881A9632) 317BCE1B69ADD5E2CB8896729B0FD2F0 {
}
[1779734626.407][DEBUG]: DevTools WebSocket Response: Runtime.releaseObjectGroup (id=188) (session_id=C343CF4352215FB366222828881A9632) 317BCE1B69ADD5E2CB8896729B0FD2F0 {
}
[1779734626.407][DEBUG]: DevTools WebSocket Response: Page.getFrameTree (id=189) (session_id=C343CF4352215FB366222828881A9632) 317BCE1B69ADD5E2CB8896729B0FD2F0 {
   "frameTree": {
      "frame": {
         "adFrameStatus": {
            "adFrameType": "none"
         },
         "crossOriginIsolatedContextType": "NotIsolated",
         "domainAndRegistry": "",
         "gatedAPIFeatures": [  ],
         "id": "317BCE1B69ADD5E2CB8896729B0FD2F0",
         "loaderId": "2C21B7B2370530493067CC90F3A2B5D4",
         "mimeType": "text/html",
         "secureContextType": "SecureLocalhost",
         "securityOrigin": "http://localhost:3001",
         "securityOriginDetails": {
            "isLocalhost": true
         },
         "url": "http://localhost:3001/38/"
      }
   }
}
[1779734626.407][DEBUG]: DevTools WebSocket Command: DOM.resolveNode (id=190) (session_id=C343CF4352215FB366222828881A9632) 317BCE1B69ADD5E2CB8896729B0FD2F0 {
   "backendNodeId": 7,
   "objectGroup": "f32fb097-da9c-4a69-9469-3c1c4c78a294"
}
[1779734626.407][DEBUG]: DevTools WebSocket Response: DOM.resolveNode (id=190) (session_id=C343CF4352215FB366222828881A9632) 317BCE1B69ADD5E2CB8896729B0FD2F0 {
   "object": {
      "className": "HTMLLIElement",
      "description": "li.ant-dropdown-menu-item.ant-dropdown-menu-item-only-child",
      "objectId": "4035418071753636418.1.59",
      "subtype": "node",
      "type": "object"
   }
}
[1779734626.407][DEBUG]: DevTools WebSocket Command: Page.getFrameTree (id=191) (session_id=C343CF4352215FB366222828881A9632) 317BCE1B69ADD5E2CB8896729B0FD2F0 {
}
[1779734626.407][DEBUG]: DevTools WebSocket Response: Page.getFrameTree (id=191) (session_id=C343CF4352215FB366222828881A9632) 317BCE1B69ADD5E2CB8896729B0FD2F0 {
   "frameTree": {
      "frame": {
         "adFrameStatus": {
            "adFrameType": "none"
         },
         "crossOriginIsolatedContextType": "NotIsolated",
         "domainAndRegistry": "",
         "gatedAPIFeatures": [  ],
         "id": "317BCE1B69ADD5E2CB8896729B0FD2F0",
         "loaderId": "2C21B7B2370530493067CC90F3A2B5D4",
         "mimeType": "text/html",
         "secureContextType": "SecureLocalhost",
         "securityOrigin": "http://localhost:3001",
         "securityOriginDetails": {
            "isLocalhost": true
         },
         "url": "http://localhost:3001/38/"
      }
   }
}
[1779734626.407][DEBUG]: DevTools WebSocket Command: Runtime.callFunctionOn (id=192) (session_id=C343CF4352215FB366222828881A9632) 317BCE1B69ADD5E2CB8896729B0FD2F0 {
   "arguments": [ {
      "objectId": "4035418071753636418.1.59"
   } ],
   "awaitPromise": true,
   "functionDeclaration": "function(){ return (function() { // Copyright 2012 The Chromium Authors\n// Use of this source code is governed by a BSD-style license that can be\n// found in the LICENSE file.\n\n/**\n * Enum for WebD...",
   "objectGroup": "f32fb097-da9c-4a69-9469-3c1c4c78a294",
   "serializationOptions": {
      "serialization": "deep"
   },
   "uniqueContextId": "2750693019167562417.1494659916094996533"
}
[1779734626.408][DEBUG]: DevTools WebSocket Response: Runtime.callFunctionOn (id=192) (session_id=C343CF4352215FB366222828881A9632) 317BCE1B69ADD5E2CB8896729B0FD2F0 {
   "result": {
      "className": "Array",
      "deepSerializedValue": {
         "type": "array",
         "value": [ {
            "type": "string",
            "value": "{\"status\":0,\"value\":{\"clickable\":true,\"message\":\"Element's descendant would receive the click. Consider clicking the descendant instead. Descendant: \u003Clabel class=\\\"cursor-pointer p-2\\\">...\u003C/label>\"}}"
         } ]
      },
      "description": "Array(1)",
      "objectId": "4035418071753636418.1.60",
      "subtype": "array",
      "type": "object"
   }
}
[1779734626.408][DEBUG]: DevTools WebSocket Command: Runtime.releaseObjectGroup (id=193) (session_id=C343CF4352215FB366222828881A9632) 317BCE1B69ADD5E2CB8896729B0FD2F0 {
   "objectGroup": "f32fb097-da9c-4a69-9469-3c1c4c78a294"
}
[1779734626.408][DEBUG]: DevTools WebSocket Command: Input.dispatchMouseEvent (id=194) (session_id=C343CF4352215FB366222828881A9632) 317BCE1B69ADD5E2CB8896729B0FD2F0 {
   "button": "none",
   "buttons": 0,
   "clickCount": 0,
   "force": 0.0,
   "modifiers": 0,
   "pointerType": "mouse",
   "tangentialPressure": 0.0,
   "tiltX": 0,
   "tiltY": 0,
   "twist": 0,
   "type": "mouseMoved",
   "x": 975,
   "y": 87
}
[1779734626.408][DEBUG]: DevTools WebSocket Command: Input.dispatchMouseEvent (id=195) (session_id=C343CF4352215FB366222828881A9632) 317BCE1B69ADD5E2CB8896729B0FD2F0 {
   "button": "left",
   "buttons": 0,
   "clickCount": 1,
   "force": 0.0,
   "modifiers": 0,
   "pointerType": "mouse",
   "tangentialPressure": 0.0,
   "tiltX": 0,
   "tiltY": 0,
   "twist": 0,
   "type": "mousePressed",
   "x": 975,
   "y": 87
}
[1779734626.408][DEBUG]: DevTools WebSocket Command: Input.dispatchMouseEvent (id=196) (session_id=C343CF4352215FB366222828881A9632) 317BCE1B69ADD5E2CB8896729B0FD2F0 {
   "button": "left",
   "buttons": 1,
   "clickCount": 1,
   "force": 0.0,
   "modifiers": 0,
   "pointerType": "mouse",
   "tangentialPressure": 0.0,
   "tiltX": 0,
   "tiltY": 0,
   "twist": 0,
   "type": "mouseReleased",
   "x": 975,
   "y": 87
}
[1779734626.408][DEBUG]: DevTools WebSocket Response: Runtime.releaseObjectGroup (id=193) (session_id=C343CF4352215FB366222828881A9632) 317BCE1B69ADD5E2CB8896729B0FD2F0 {
}
[1779734626.409][DEBUG]: DevTools WebSocket Response: Input.dispatchMouseEvent (id=194) (session_id=C343CF4352215FB366222828881A9632) 317BCE1B69ADD5E2CB8896729B0FD2F0 {
}
[1779734626.414][DEBUG]: DevTools WebSocket Response: Input.dispatchMouseEvent (id=195) (session_id=C343CF4352215FB366222828881A9632) 317BCE1B69ADD5E2CB8896729B0FD2F0 {
}
[1779734626.419][DEBUG]: DevTools WebSocket Response: Input.dispatchMouseEvent (id=196) (session_id=C343CF4352215FB366222828881A9632) 317BCE1B69ADD5E2CB8896729B0FD2F0 {
}
[1779734626.419][INFO]: Waiting for pending navigations...
[1779734626.419][DEBUG]: DevTools WebSocket Command: Runtime.evaluate (id=197) (session_id=C343CF4352215FB366222828881A9632) 317BCE1B69ADD5E2CB8896729B0FD2F0 {
   "expression": "1"
}
[1779734626.419][DEBUG]: DevTools WebSocket Response: Runtime.evaluate (id=197) (session_id=C343CF4352215FB366222828881A9632) 317BCE1B69ADD5E2CB8896729B0FD2F0 {
   "result": {
      "description": "1",
      "type": "number",
      "value": 1
   }
}
[1779734626.419][INFO]: Done waiting for pending navigations. Status: ok
[1779734626.419][INFO]: [a35b00a5256d9587b3fd79578b6fec5c] RESPONSE ClickElement
[1779734627.425][INFO]: [a35b00a5256d9587b3fd79578b6fec5c] COMMAND Screenshot {
}
[1779734627.425][INFO]: Waiting for pending navigations...
[1779734627.425][DEBUG]: DevTools WebSocket Command: Runtime.evaluate (id=198) (session_id=C343CF4352215FB366222828881A9632) 317BCE1B69ADD5E2CB8896729B0FD2F0 {
   "expression": "1"
}
[1779734627.425][DEBUG]: DevTools WebSocket Response: Runtime.evaluate (id=198) (session_id=C343CF4352215FB366222828881A9632) 317BCE1B69ADD5E2CB8896729B0FD2F0 {
   "result": {
      "description": "1",
      "type": "number",
      "value": 1
   }
}
[1779734627.425][INFO]: Done waiting for pending navigations. Status: ok
[1779734627.425][DEBUG]: DevTools WebSocket Command: Target.activateTarget (id=199) (session_id=) browser {
   "targetId": "317BCE1B69ADD5E2CB8896729B0FD2F0"
}
[1779734627.430][DEBUG]: DevTools WebSocket Response: Target.activateTarget (id=199) (session_id=) browser {
}
[1779734627.430][DEBUG]: DevTools WebSocket Command: Page.captureScreenshot (id=200) (session_id=C343CF4352215FB366222828881A9632) 317BCE1B69ADD5E2CB8896729B0FD2F0 {
}
[1779734627.555][DEBUG]: DevTools WebSocket Response: Page.captureScreenshot (id=200) (session_id=C343CF4352215FB366222828881A9632) 317BCE1B69ADD5E2CB8896729B0FD2F0 {
   "data": "iVBORw0KGgoAAAANSUhEUgAACWAAAATYCAIAAAAUYWvhAAABLGlDQ1BfAAB4nJWQPUsDQRCGH0NA1DSiooXFlWnUJGI+UAsTNWiZKES7y+UIYhKPy4n2af0R1naCjQipbawEKxEbe0Gwje/dFReQFJlhdp59d9jdGYgtIYunoN3x3Eq5aNROTo3JTybkgZlW12G0q..."
}
[1779734627.555][INFO]: Waiting for pending navigations...
[1779734627.555][DEBUG]: DevTools WebSocket Command: Runtime.evaluate (id=201) (session_id=C343CF4352215FB366222828881A9632) 317BCE1B69ADD5E2CB8896729B0FD2F0 {
   "expression": "1"
}
[1779734627.556][DEBUG]: DevTools WebSocket Response: Runtime.evaluate (id=201) (session_id=C343CF4352215FB366222828881A9632) 317BCE1B69ADD5E2CB8896729B0FD2F0 {
   "result": {
      "description": "1",
      "type": "number",
      "value": 1
   }
}
[1779734627.556][INFO]: Done waiting for pending navigations. Status: ok
[1779734627.556][INFO]: [a35b00a5256d9587b3fd79578b6fec5c] RESPONSE Screenshot "iVBORw0KGgoAAAANSUhEUgAACWAAAATYCAIAAAAUYWvhAAABLGlDQ1BfAAB4nJWQPUsDQRCGH0NA1DSiooXFlWnUJGI+UAsTNWiZKES7y+UIYhKPy4n2af0R1naCjQipbawEKxEbe0Gwje/dFReQFJlhdp59d9jdGYgtIYunoN3x3Eq5aNROTo3JTybkgZlW12G0q..."
[1779734627.566][INFO]: [a35b00a5256d9587b3fd79578b6fec5c] COMMAND ExecuteScript {
   "args": [ "input[type=\"file\"]" ],
   "script": "var passedArgs = Array.prototype.slice.call(arguments,0); return (function(selector) {\n        const input = document.querySelector(selector);\n        if (input) {\n            input.style.display = 'block';\n            input.style.opacity = '1';\n            input.style.visibility = 'visible';\n            input.style.position = 'fixed';\n            input.style.top = '10px';\n            input.style.left = '10px';\n            input.style.zIndex = '999999';\n            input.style.width = '300px';\n            input.style.height = '30px';\n        }\n    }).apply(window, passedArgs);"
}
[1779734627.566][INFO]: Waiting for pending navigations...
[1779734627.566][DEBUG]: DevTools WebSocket Command: Runtime.evaluate (id=202) (session_id=C343CF4352215FB366222828881A9632) 317BCE1B69ADD5E2CB8896729B0FD2F0 {
   "expression": "1"
}
[1779734627.566][DEBUG]: DevTools WebSocket Response: Runtime.evaluate (id=202) (session_id=C343CF4352215FB366222828881A9632) 317BCE1B69ADD5E2CB8896729B0FD2F0 {
   "result": {
      "description": "1",
      "type": "number",
      "value": 1
   }
}
[1779734627.566][INFO]: Done waiting for pending navigations. Status: ok
[1779734627.566][DEBUG]: DevTools WebSocket Command: Page.getFrameTree (id=203) (session_id=C343CF4352215FB366222828881A9632) 317BCE1B69ADD5E2CB8896729B0FD2F0 {
}
[1779734627.567][DEBUG]: DevTools WebSocket Response: Page.getFrameTree (id=203) (session_id=C343CF4352215FB366222828881A9632) 317BCE1B69ADD5E2CB8896729B0FD2F0 {
   "frameTree": {
      "frame": {
         "adFrameStatus": {
            "adFrameType": "none"
         },
         "crossOriginIsolatedContextType": "NotIsolated",
         "domainAndRegistry": "",
         "gatedAPIFeatures": [  ],
         "id": "317BCE1B69ADD5E2CB8896729B0FD2F0",
         "loaderId": "2C21B7B2370530493067CC90F3A2B5D4",
         "mimeType": "text/html",
         "secureContextType": "SecureLocalhost",
         "securityOrigin": "http://localhost:3001",
         "securityOriginDetails": {
            "isLocalhost": true
         },
         "url": "http://localhost:3001/38/"
      }
   }
}
[1779734627.567][DEBUG]: DevTools WebSocket Command: Page.getFrameTree (id=204) (session_id=C343CF4352215FB366222828881A9632) 317BCE1B69ADD5E2CB8896729B0FD2F0 {
}
[1779734627.567][DEBUG]: DevTools WebSocket Response: Page.getFrameTree (id=204) (session_id=C343CF4352215FB366222828881A9632) 317BCE1B69ADD5E2CB8896729B0FD2F0 {
   "frameTree": {
      "frame": {
         "adFrameStatus": {
            "adFrameType": "none"
         },
         "crossOriginIsolatedContextType": "NotIsolated",
         "domainAndRegistry": "",
         "gatedAPIFeatures": [  ],
         "id": "317BCE1B69ADD5E2CB8896729B0FD2F0",
         "loaderId": "2C21B7B2370530493067CC90F3A2B5D4",
         "mimeType": "text/html",
         "secureContextType": "SecureLocalhost",
         "securityOrigin": "http://localhost:3001",
         "securityOriginDetails": {
            "isLocalhost": true
         },
         "url": "http://localhost:3001/38/"
      }
   }
}
[1779734627.567][DEBUG]: DevTools WebSocket Command: Runtime.callFunctionOn (id=205) (session_id=C343CF4352215FB366222828881A9632) 317BCE1B69ADD5E2CB8896729B0FD2F0 {
   "arguments": [  ],
   "awaitPromise": true,
   "functionDeclaration": "function(){ return (function() { // Copyright 2012 The Chromium Authors\n// Use of this source code is governed by a BSD-style license that can be\n// found in the LICENSE file.\n\n/**\n * Enum for WebD...",
   "serializationOptions": {
      "serialization": "deep"
   },
   "uniqueContextId": "2750693019167562417.1494659916094996533"
}
[1779734627.569][DEBUG]: DevTools WebSocket Response: Runtime.callFunctionOn (id=205) (session_id=C343CF4352215FB366222828881A9632) 317BCE1B69ADD5E2CB8896729B0FD2F0 {
   "result": {
      "className": "Array",
      "deepSerializedValue": {
         "type": "array",
         "value": [ {
            "type": "string",
            "value": "{\"status\":0,\"value\":null}"
         } ]
      },
      "description": "Array(1)",
      "objectId": "4035418071753636418.1.61",
      "subtype": "array",
      "type": "object"
   }
}
[1779734627.569][INFO]: Waiting for pending navigations...
[1779734627.569][DEBUG]: DevTools WebSocket Command: Runtime.evaluate (id=206) (session_id=C343CF4352215FB366222828881A9632) 317BCE1B69ADD5E2CB8896729B0FD2F0 {
   "expression": "1"
}
[1779734627.569][DEBUG]: DevTools WebSocket Response: Runtime.evaluate (id=206) (session_id=C343CF4352215FB366222828881A9632) 317BCE1B69ADD5E2CB8896729B0FD2F0 {
   "result": {
      "description": "1",
      "type": "number",
      "value": 1
   }
}
[1779734627.569][INFO]: Done waiting for pending navigations. Status: ok
[1779734627.569][INFO]: [a35b00a5256d9587b3fd79578b6fec5c] RESPONSE ExecuteScript null
[1779734628.073][INFO]: [a35b00a5256d9587b3fd79578b6fec5c] COMMAND FindElements {
   "using": "css selector",
   "value": "input[type=\"file\"]"
}
[1779734628.073][INFO]: Waiting for pending navigations...
[1779734628.073][DEBUG]: DevTools WebSocket Command: Runtime.evaluate (id=207) (session_id=C343CF4352215FB366222828881A9632) 317BCE1B69ADD5E2CB8896729B0FD2F0 {
   "expression": "1"
}
[1779734628.073][DEBUG]: DevTools WebSocket Response: Runtime.evaluate (id=207) (session_id=C343CF4352215FB366222828881A9632) 317BCE1B69ADD5E2CB8896729B0FD2F0 {
   "result": {
      "description": "1",
      "type": "number",
      "value": 1
   }
}
[1779734628.073][INFO]: Done waiting for pending navigations. Status: ok
[1779734628.074][DEBUG]: DevTools WebSocket Command: Page.getFrameTree (id=208) (session_id=C343CF4352215FB366222828881A9632) 317BCE1B69ADD5E2CB8896729B0FD2F0 {
}
[1779734628.074][DEBUG]: DevTools WebSocket Response: Page.getFrameTree (id=208) (session_id=C343CF4352215FB366222828881A9632) 317BCE1B69ADD5E2CB8896729B0FD2F0 {
   "frameTree": {
      "frame": {
         "adFrameStatus": {
            "adFrameType": "none"
         },
         "crossOriginIsolatedContextType": "NotIsolated",
         "domainAndRegistry": "",
         "gatedAPIFeatures": [  ],
         "id": "317BCE1B69ADD5E2CB8896729B0FD2F0",
         "loaderId": "2C21B7B2370530493067CC90F3A2B5D4",
         "mimeType": "text/html",
         "secureContextType": "SecureLocalhost",
         "securityOrigin": "http://localhost:3001",
         "securityOriginDetails": {
            "isLocalhost": true
         },
         "url": "http://localhost:3001/38/"
      }
   }
}
[1779734628.074][DEBUG]: DevTools WebSocket Command: Page.getFrameTree (id=209) (session_id=C343CF4352215FB366222828881A9632) 317BCE1B69ADD5E2CB8896729B0FD2F0 {
}
[1779734628.074][DEBUG]: DevTools WebSocket Response: Page.getFrameTree (id=209) (session_id=C343CF4352215FB366222828881A9632) 317BCE1B69ADD5E2CB8896729B0FD2F0 {
   "frameTree": {
      "frame": {
         "adFrameStatus": {
            "adFrameType": "none"
         },
         "crossOriginIsolatedContextType": "NotIsolated",
         "domainAndRegistry": "",
         "gatedAPIFeatures": [  ],
         "id": "317BCE1B69ADD5E2CB8896729B0FD2F0",
         "loaderId": "2C21B7B2370530493067CC90F3A2B5D4",
         "mimeType": "text/html",
         "secureContextType": "SecureLocalhost",
         "securityOrigin": "http://localhost:3001",
         "securityOriginDetails": {
            "isLocalhost": true
         },
         "url": "http://localhost:3001/38/"
      }
   }
}
[1779734628.075][DEBUG]: DevTools WebSocket Command: Runtime.callFunctionOn (id=210) (session_id=C343CF4352215FB366222828881A9632) 317BCE1B69ADD5E2CB8896729B0FD2F0 {
   "arguments": [  ],
   "awaitPromise": true,
   "functionDeclaration": "function(){ return (function() { // Copyright 2012 The Chromium Authors\n// Use of this source code is governed by a BSD-style license that can be\n// found in the LICENSE file.\n\n/**\n * Enum for WebD...",
   "serializationOptions": {
      "serialization": "deep"
   },
   "uniqueContextId": "2750693019167562417.1494659916094996533"
}
[1779734628.078][DEBUG]: DevTools WebSocket Response: Runtime.callFunctionOn (id=210) (session_id=C343CF4352215FB366222828881A9632) 317BCE1B69ADD5E2CB8896729B0FD2F0 {
   "result": {
      "className": "Array",
      "deepSerializedValue": {
         "type": "array",
         "value": [ {
            "type": "string",
            "value": "{\"status\":0,\"value\":[{\"element-6066-11e4-a52e-4f735466cecf\":0},{\"element-6066-11e4-a52e-4f735466cecf\":1}]}"
         }, {
            "type": "node",
            "value": {
               "attributes": {
                  "accept": "application/JSON",
                  "disabled": "",
                  "hidden": "",
                  "style": "display: block; opacity: 1; visibility: visible; position: fixed; top: 10px; left: 10px; z-index: 999999; width: 300px; height: 30px;",
                  "type": "file"
               },
               "backendNodeId": 8,
               "childNodeCount": 0,
               "loaderId": "2C21B7B2370530493067CC90F3A2B5D4",
               "localName": "input",
               "namespaceURI": "http://www.w3.org/1999/xhtml",
               "nodeType": 1,
               "shadowRoot": {
                  "type": "node",
                  "value": {
                     "backendNodeId": 9,
                     "childNodeCount": 2,
                     "loaderId": "2C21B7B2370530493067CC90F3A2B5D4",
                     "mode": "closed",
                     "nodeType": 11
                  }
               }
            }
         }, {
            "type": "node",
            "value": {
               "attributes": {
                  "accept": "application/JSON",
                  "hidden": "",
                  "type": "file"
               },
               "backendNodeId": 10,
               "childNodeCount": 0,
               "loaderId": "2C21B7B2370530493067CC90F3A2B5D4",
               "localName": "input",
               "namespaceURI": "http://www.w3.org/1999/xhtml",
               "nodeType": 1,
               "shadowRoot": {
                  "type": "node",
                  "value": {
                     "backendNodeId": 11,
                     "childNodeCount": 2,
                     "loaderId": "2C21B7B2370530493067CC90F3A2B5D4",
                     "mode": "closed",
                     "nodeType": 11
                  }
               }
            }
         } ]
      },
      "description": "Array(3)",
      "objectId": "4035418071753636418.1.62",
      "subtype": "array",
      "type": "object"
   }
}
[1779734628.078][INFO]: Waiting for pending navigations...
[1779734628.078][DEBUG]: DevTools WebSocket Command: Runtime.evaluate (id=211) (session_id=C343CF4352215FB366222828881A9632) 317BCE1B69ADD5E2CB8896729B0FD2F0 {
   "expression": "1"
}
[1779734628.079][DEBUG]: DevTools WebSocket Response: Runtime.evaluate (id=211) (session_id=C343CF4352215FB366222828881A9632) 317BCE1B69ADD5E2CB8896729B0FD2F0 {
   "result": {
      "description": "1",
      "type": "number",
      "value": 1
   }
}
[1779734628.079][INFO]: Done waiting for pending navigations. Status: ok
[1779734628.079][INFO]: [a35b00a5256d9587b3fd79578b6fec5c] RESPONSE FindElements [ {
   "element-6066-11e4-a52e-4f735466cecf": "f.317BCE1B69ADD5E2CB8896729B0FD2F0.d.2C21B7B2370530493067CC90F3A2B5D4.e.8"
}, {
   "element-6066-11e4-a52e-4f735466cecf": "f.317BCE1B69ADD5E2CB8896729B0FD2F0.d.2C21B7B2370530493067CC90F3A2B5D4.e.10"
} ]
[1779734628.080][INFO]: [a35b00a5256d9587b3fd79578b6fec5c] COMMAND ClearElement {
   "id": "f.317BCE1B69ADD5E2CB8896729B0FD2F0.d.2C21B7B2370530493067CC90F3A2B5D4.e.8"
}
[1779734628.080][INFO]: Waiting for pending navigations...
[1779734628.080][DEBUG]: DevTools WebSocket Command: Runtime.evaluate (id=212) (session_id=C343CF4352215FB366222828881A9632) 317BCE1B69ADD5E2CB8896729B0FD2F0 {
   "expression": "1"
}
[1779734628.080][DEBUG]: DevTools WebSocket Response: Runtime.evaluate (id=212) (session_id=C343CF4352215FB366222828881A9632) 317BCE1B69ADD5E2CB8896729B0FD2F0 {
   "result": {
      "description": "1",
      "type": "number",
      "value": 1
   }
}
[1779734628.080][INFO]: Done waiting for pending navigations. Status: ok
[1779734628.080][DEBUG]: DevTools WebSocket Command: Page.getFrameTree (id=213) (session_id=C343CF4352215FB366222828881A9632) 317BCE1B69ADD5E2CB8896729B0FD2F0 {
}
[1779734628.081][DEBUG]: DevTools WebSocket Response: Page.getFrameTree (id=213) (session_id=C343CF4352215FB366222828881A9632) 317BCE1B69ADD5E2CB8896729B0FD2F0 {
   "frameTree": {
      "frame": {
         "adFrameStatus": {
            "adFrameType": "none"
         },
         "crossOriginIsolatedContextType": "NotIsolated",
         "domainAndRegistry": "",
         "gatedAPIFeatures": [  ],
         "id": "317BCE1B69ADD5E2CB8896729B0FD2F0",
         "loaderId": "2C21B7B2370530493067CC90F3A2B5D4",
         "mimeType": "text/html",
         "secureContextType": "SecureLocalhost",
         "securityOrigin": "http://localhost:3001",
         "securityOriginDetails": {
            "isLocalhost": true
         },
         "url": "http://localhost:3001/38/"
      }
   }
}
[1779734628.081][DEBUG]: DevTools WebSocket Command: DOM.resolveNode (id=214) (session_id=C343CF4352215FB366222828881A9632) 317BCE1B69ADD5E2CB8896729B0FD2F0 {
   "backendNodeId": 8,
   "objectGroup": "fc7e5acc-57ae-4c7d-85a4-d381fa0dfc48"
}
[1779734628.081][DEBUG]: DevTools WebSocket Response: DOM.resolveNode (id=214) (session_id=C343CF4352215FB366222828881A9632) 317BCE1B69ADD5E2CB8896729B0FD2F0 {
   "object": {
      "className": "HTMLInputElement",
      "description": "input",
      "objectId": "4035418071753636418.1.63",
      "subtype": "node",
      "type": "object"
   }
}
[1779734628.081][DEBUG]: DevTools WebSocket Command: Page.getFrameTree (id=215) (session_id=C343CF4352215FB366222828881A9632) 317BCE1B69ADD5E2CB8896729B0FD2F0 {
}
[1779734628.081][DEBUG]: DevTools WebSocket Response: Page.getFrameTree (id=215) (session_id=C343CF4352215FB366222828881A9632) 317BCE1B69ADD5E2CB8896729B0FD2F0 {
   "frameTree": {
      "frame": {
         "adFrameStatus": {
            "adFrameType": "none"
         },
         "crossOriginIsolatedContextType": "NotIsolated",
         "domainAndRegistry": "",
         "gatedAPIFeatures": [  ],
         "id": "317BCE1B69ADD5E2CB8896729B0FD2F0",
         "loaderId": "2C21B7B2370530493067CC90F3A2B5D4",
         "mimeType": "text/html",
         "secureContextType": "SecureLocalhost",
         "securityOrigin": "http://localhost:3001",
         "securityOriginDetails": {
            "isLocalhost": true
         },
         "url": "http://localhost:3001/38/"
      }
   }
}
[1779734628.081][DEBUG]: DevTools WebSocket Command: Runtime.callFunctionOn (id=216) (session_id=C343CF4352215FB366222828881A9632) 317BCE1B69ADD5E2CB8896729B0FD2F0 {
   "arguments": [ {
      "objectId": "4035418071753636418.1.63"
   } ],
   "awaitPromise": true,
   "functionDeclaration": "function(){ return (function() { // Copyright 2012 The Chromium Authors\n// Use of this source code is governed by a BSD-style license that can be\n// found in the LICENSE file.\n\n/**\n * Enum for WebD...",
   "objectGroup": "fc7e5acc-57ae-4c7d-85a4-d381fa0dfc48",
   "serializationOptions": {
      "serialization": "deep"
   },
   "uniqueContextId": "2750693019167562417.1494659916094996533"
}
[1779734628.082][DEBUG]: DevTools WebSocket Response: Runtime.callFunctionOn (id=216) (session_id=C343CF4352215FB366222828881A9632) 317BCE1B69ADD5E2CB8896729B0FD2F0 {
   "result": {
      "className": "Array",
      "deepSerializedValue": {
         "type": "array",
         "value": [ {
            "type": "string",
            "value": "{\"status\":0,\"value\":\"INPUT\"}"
         } ]
      },
      "description": "Array(1)",
      "objectId": "4035418071753636418.1.64",
      "subtype": "array",
      "type": "object"
   }
}
[1779734628.082][DEBUG]: DevTools WebSocket Command: Runtime.releaseObjectGroup (id=217) (session_id=C343CF4352215FB366222828881A9632) 317BCE1B69ADD5E2CB8896729B0FD2F0 {
   "objectGroup": "fc7e5acc-57ae-4c7d-85a4-d381fa0dfc48"
}
[1779734628.083][DEBUG]: DevTools WebSocket Command: Page.getFrameTree (id=218) (session_id=C343CF4352215FB366222828881A9632) 317BCE1B69ADD5E2CB8896729B0FD2F0 {
}
[1779734628.083][DEBUG]: DevTools WebSocket Response: Runtime.releaseObjectGroup (id=217) (session_id=C343CF4352215FB366222828881A9632) 317BCE1B69ADD5E2CB8896729B0FD2F0 {
}
[1779734628.083][DEBUG]: DevTools WebSocket Response: Page.getFrameTree (id=218) (session_id=C343CF4352215FB366222828881A9632) 317BCE1B69ADD5E2CB8896729B0FD2F0 {
   "frameTree": {
      "frame": {
         "adFrameStatus": {
            "adFrameType": "none"
         },
         "crossOriginIsolatedContextType": "NotIsolated",
         "domainAndRegistry": "",
         "gatedAPIFeatures": [  ],
         "id": "317BCE1B69ADD5E2CB8896729B0FD2F0",
         "loaderId": "2C21B7B2370530493067CC90F3A2B5D4",
         "mimeType": "text/html",
         "secureContextType": "SecureLocalhost",
         "securityOrigin": "http://localhost:3001",
         "securityOriginDetails": {
            "isLocalhost": true
         },
         "url": "http://localhost:3001/38/"
      }
   }
}
[1779734628.083][DEBUG]: DevTools WebSocket Command: DOM.resolveNode (id=219) (session_id=C343CF4352215FB366222828881A9632) 317BCE1B69ADD5E2CB8896729B0FD2F0 {
   "backendNodeId": 8,
   "objectGroup": "8213b087-435c-446e-9dc0-dcd695ee57a2"
}
[1779734628.083][DEBUG]: DevTools WebSocket Response: DOM.resolveNode (id=219) (session_id=C343CF4352215FB366222828881A9632) 317BCE1B69ADD5E2CB8896729B0FD2F0 {
   "object": {
      "className": "HTMLInputElement",
      "description": "input",
      "objectId": "4035418071753636418.1.65",
      "subtype": "node",
      "type": "object"
   }
}
[1779734628.083][DEBUG]: DevTools WebSocket Command: Page.getFrameTree (id=220) (session_id=C343CF4352215FB366222828881A9632) 317BCE1B69ADD5E2CB8896729B0FD2F0 {
}
[1779734628.083][DEBUG]: DevTools WebSocket Response: Page.getFrameTree (id=220) (session_id=C343CF4352215FB366222828881A9632) 317BCE1B69ADD5E2CB8896729B0FD2F0 {
   "frameTree": {
      "frame": {
         "adFrameStatus": {
            "adFrameType": "none"
         },
         "crossOriginIsolatedContextType": "NotIsolated",
         "domainAndRegistry": "",
         "gatedAPIFeatures": [  ],
         "id": "317BCE1B69ADD5E2CB8896729B0FD2F0",
         "loaderId": "2C21B7B2370530493067CC90F3A2B5D4",
         "mimeType": "text/html",
         "secureContextType": "SecureLocalhost",
         "securityOrigin": "http://localhost:3001",
         "securityOriginDetails": {
            "isLocalhost": true
         },
         "url": "http://localhost:3001/38/"
      }
   }
}
[1779734628.084][DEBUG]: DevTools WebSocket Command: Runtime.callFunctionOn (id=221) (session_id=C343CF4352215FB366222828881A9632) 317BCE1B69ADD5E2CB8896729B0FD2F0 {
   "arguments": [ {
      "objectId": "4035418071753636418.1.65"
   } ],
   "awaitPromise": true,
   "functionDeclaration": "function(){ return (function() { // Copyright 2012 The Chromium Authors\n// Use of this source code is governed by a BSD-style license that can be\n// found in the LICENSE file.\n\n/**\n * Enum for WebD...",
   "objectGroup": "8213b087-435c-446e-9dc0-dcd695ee57a2",
   "serializationOptions": {
      "serialization": "deep"
   },
   "uniqueContextId": "2750693019167562417.1494659916094996533"
}
[1779734628.086][DEBUG]: DevTools WebSocket Response: Runtime.callFunctionOn (id=221) (session_id=C343CF4352215FB366222828881A9632) 317BCE1B69ADD5E2CB8896729B0FD2F0 {
   "result": {
      "className": "Array",
      "deepSerializedValue": {
         "type": "array",
         "value": [ {
            "type": "string",
            "value": "{\"status\":0,\"value\":\"file\"}"
         } ]
      },
      "description": "Array(1)",
      "objectId": "4035418071753636418.1.66",
      "subtype": "array",
      "type": "object"
   }
}
[1779734628.086][DEBUG]: DevTools WebSocket Command: Runtime.releaseObjectGroup (id=222) (session_id=C343CF4352215FB366222828881A9632) 317BCE1B69ADD5E2CB8896729B0FD2F0 {
   "objectGroup": "8213b087-435c-446e-9dc0-dcd695ee57a2"
}
[1779734628.086][DEBUG]: DevTools WebSocket Command: Page.getFrameTree (id=223) (session_id=C343CF4352215FB366222828881A9632) 317BCE1B69ADD5E2CB8896729B0FD2F0 {
}
[1779734628.087][DEBUG]: DevTools WebSocket Response: Runtime.releaseObjectGroup (id=222) (session_id=C343CF4352215FB366222828881A9632) 317BCE1B69ADD5E2CB8896729B0FD2F0 {
}
[1779734628.087][DEBUG]: DevTools WebSocket Response: Page.getFrameTree (id=223) (session_id=C343CF4352215FB366222828881A9632) 317BCE1B69ADD5E2CB8896729B0FD2F0 {
   "frameTree": {
      "frame": {
         "adFrameStatus": {
            "adFrameType": "none"
         },
         "crossOriginIsolatedContextType": "NotIsolated",
         "domainAndRegistry": "",
         "gatedAPIFeatures": [  ],
         "id": "317BCE1B69ADD5E2CB8896729B0FD2F0",
         "loaderId": "2C21B7B2370530493067CC90F3A2B5D4",
         "mimeType": "text/html",
         "secureContextType": "SecureLocalhost",
         "securityOrigin": "http://localhost:3001",
         "securityOriginDetails": {
            "isLocalhost": true
         },
         "url": "http://localhost:3001/38/"
      }
   }
}
[1779734628.087][DEBUG]: DevTools WebSocket Command: DOM.resolveNode (id=224) (session_id=C343CF4352215FB366222828881A9632) 317BCE1B69ADD5E2CB8896729B0FD2F0 {
   "backendNodeId": 8,
   "objectGroup": "b36aa805-d1e7-4c0d-9274-fb6a07799740"
}
[1779734628.087][DEBUG]: DevTools WebSocket Response: DOM.resolveNode (id=224) (session_id=C343CF4352215FB366222828881A9632) 317BCE1B69ADD5E2CB8896729B0FD2F0 {
   "object": {
      "className": "HTMLInputElement",
      "description": "input",
      "objectId": "4035418071753636418.1.67",
      "subtype": "node",
      "type": "object"
   }
}
[1779734628.087][DEBUG]: DevTools WebSocket Command: Page.getFrameTree (id=225) (session_id=C343CF4352215FB366222828881A9632) 317BCE1B69ADD5E2CB8896729B0FD2F0 {
}
[1779734628.087][DEBUG]: DevTools WebSocket Response: Page.getFrameTree (id=225) (session_id=C343CF4352215FB366222828881A9632) 317BCE1B69ADD5E2CB8896729B0FD2F0 {
   "frameTree": {
      "frame": {
         "adFrameStatus": {
            "adFrameType": "none"
         },
         "crossOriginIsolatedContextType": "NotIsolated",
         "domainAndRegistry": "",
         "gatedAPIFeatures": [  ],
         "id": "317BCE1B69ADD5E2CB8896729B0FD2F0",
         "loaderId": "2C21B7B2370530493067CC90F3A2B5D4",
         "mimeType": "text/html",
         "secureContextType": "SecureLocalhost",
         "securityOrigin": "http://localhost:3001",
         "securityOriginDetails": {
            "isLocalhost": true
         },
         "url": "http://localhost:3001/38/"
      }
   }
}
[1779734628.087][DEBUG]: DevTools WebSocket Command: Runtime.callFunctionOn (id=226) (session_id=C343CF4352215FB366222828881A9632) 317BCE1B69ADD5E2CB8896729B0FD2F0 {
   "arguments": [ {
      "objectId": "4035418071753636418.1.67"
   } ],
   "awaitPromise": true,
   "functionDeclaration": "function(){ return (function() { // Copyright 2012 The Chromium Authors\n// Use of this source code is governed by a BSD-style license that can be\n// found in the LICENSE file.\n\n/**\n * Enum for WebD...",
   "objectGroup": "b36aa805-d1e7-4c0d-9274-fb6a07799740",
   "serializationOptions": {
      "serialization": "deep"
   },
   "uniqueContextId": "2750693019167562417.1494659916094996533"
}
[1779734628.088][DEBUG]: DevTools WebSocket Response: Runtime.callFunctionOn (id=226) (session_id=C343CF4352215FB366222828881A9632) 317BCE1B69ADD5E2CB8896729B0FD2F0 {
   "result": {
      "className": "Array",
      "deepSerializedValue": {
         "type": "array",
         "value": [ {
            "type": "string",
            "value": "{\"status\":0,\"value\":false}"
         } ]
      },
      "description": "Array(1)",
      "objectId": "4035418071753636418.1.68",
      "subtype": "array",
      "type": "object"
   }
}
[1779734628.088][DEBUG]: DevTools WebSocket Command: Runtime.releaseObjectGroup (id=227) (session_id=C343CF4352215FB366222828881A9632) 317BCE1B69ADD5E2CB8896729B0FD2F0 {
   "objectGroup": "b36aa805-d1e7-4c0d-9274-fb6a07799740"
}
[1779734628.088][DEBUG]: DevTools WebSocket Command: Page.getFrameTree (id=228) (session_id=C343CF4352215FB366222828881A9632) 317BCE1B69ADD5E2CB8896729B0FD2F0 {
}
[1779734628.088][DEBUG]: DevTools WebSocket Response: Runtime.releaseObjectGroup (id=227) (session_id=C343CF4352215FB366222828881A9632) 317BCE1B69ADD5E2CB8896729B0FD2F0 {
}
[1779734628.088][DEBUG]: DevTools WebSocket Response: Page.getFrameTree (id=228) (session_id=C343CF4352215FB366222828881A9632) 317BCE1B69ADD5E2CB8896729B0FD2F0 {
   "frameTree": {
      "frame": {
         "adFrameStatus": {
            "adFrameType": "none"
         },
         "crossOriginIsolatedContextType": "NotIsolated",
         "domainAndRegistry": "",
         "gatedAPIFeatures": [  ],
         "id": "317BCE1B69ADD5E2CB8896729B0FD2F0",
         "loaderId": "2C21B7B2370530493067CC90F3A2B5D4",
         "mimeType": "text/html",
         "secureContextType": "SecureLocalhost",
         "securityOrigin": "http://localhost:3001",
         "securityOriginDetails": {
            "isLocalhost": true
         },
         "url": "http://localhost:3001/38/"
      }
   }
}
[1779734628.088][DEBUG]: DevTools WebSocket Command: DOM.resolveNode (id=229) (session_id=C343CF4352215FB366222828881A9632) 317BCE1B69ADD5E2CB8896729B0FD2F0 {
   "backendNodeId": 8,
   "objectGroup": "7b347920-47f9-4d23-bdd1-e78c1fb2a8c4"
}
[1779734628.088][DEBUG]: DevTools WebSocket Response: DOM.resolveNode (id=229) (session_id=C343CF4352215FB366222828881A9632) 317BCE1B69ADD5E2CB8896729B0FD2F0 {
   "object": {
      "className": "HTMLInputElement",
      "description": "input",
      "objectId": "4035418071753636418.1.69",
      "subtype": "node",
      "type": "object"
   }
}
[1779734628.088][DEBUG]: DevTools WebSocket Command: Page.getFrameTree (id=230) (session_id=C343CF4352215FB366222828881A9632) 317BCE1B69ADD5E2CB8896729B0FD2F0 {
}
[1779734628.088][DEBUG]: DevTools WebSocket Response: Page.getFrameTree (id=230) (session_id=C343CF4352215FB366222828881A9632) 317BCE1B69ADD5E2CB8896729B0FD2F0 {
   "frameTree": {
      "frame": {
         "adFrameStatus": {
            "adFrameType": "none"
         },
         "crossOriginIsolatedContextType": "NotIsolated",
         "domainAndRegistry": "",
         "gatedAPIFeatures": [  ],
         "id": "317BCE1B69ADD5E2CB8896729B0FD2F0",
         "loaderId": "2C21B7B2370530493067CC90F3A2B5D4",
         "mimeType": "text/html",
         "secureContextType": "SecureLocalhost",
         "securityOrigin": "http://localhost:3001",
         "securityOriginDetails": {
            "isLocalhost": true
         },
         "url": "http://localhost:3001/38/"
      }
   }
}
[1779734628.089][DEBUG]: DevTools WebSocket Command: Runtime.callFunctionOn (id=231) (session_id=C343CF4352215FB366222828881A9632) 317BCE1B69ADD5E2CB8896729B0FD2F0 {
   "arguments": [ {
      "objectId": "4035418071753636418.1.69"
   } ],
   "awaitPromise": true,
   "functionDeclaration": "function(){ return (function() { // Copyright 2012 The Chromium Authors\n// Use of this source code is governed by a BSD-style license that can be\n// found in the LICENSE file.\n\n/**\n * Enum for WebD...",
   "objectGroup": "7b347920-47f9-4d23-bdd1-e78c1fb2a8c4",
   "serializationOptions": {
      "serialization": "deep"
   },
   "uniqueContextId": "2750693019167562417.1494659916094996533"
}
[1779734628.090][DEBUG]: DevTools WebSocket Response: Runtime.callFunctionOn (id=231) (session_id=C343CF4352215FB366222828881A9632) 317BCE1B69ADD5E2CB8896729B0FD2F0 {
   "result": {
      "className": "Array",
      "deepSerializedValue": {
         "type": "array",
         "value": [ {
            "type": "string",
            "value": "{\"status\":0,\"value\":true}"
         } ]
      },
      "description": "Array(1)",
      "objectId": "4035418071753636418.1.70",
      "subtype": "array",
      "type": "object"
   }
}
[1779734628.090][DEBUG]: DevTools WebSocket Command: Runtime.releaseObjectGroup (id=232) (session_id=C343CF4352215FB366222828881A9632) 317BCE1B69ADD5E2CB8896729B0FD2F0 {
   "objectGroup": "7b347920-47f9-4d23-bdd1-e78c1fb2a8c4"
}
[1779734628.090][INFO]: 
	=== NOTE: ===
	The Clear command in ChromeDriver 2.43 and above
	has been updated to conform to the current standard,
	including raising blur event after clearing.

[1779734628.091][DEBUG]: DevTools WebSocket Command: Page.getFrameTree (id=233) (session_id=C343CF4352215FB366222828881A9632) 317BCE1B69ADD5E2CB8896729B0FD2F0 {
}
[1779734628.091][DEBUG]: DevTools WebSocket Response: Runtime.releaseObjectGroup (id=232) (session_id=C343CF4352215FB366222828881A9632) 317BCE1B69ADD5E2CB8896729B0FD2F0 {
}
[1779734628.091][DEBUG]: DevTools WebSocket Response: Page.getFrameTree (id=233) (session_id=C343CF4352215FB366222828881A9632) 317BCE1B69ADD5E2CB8896729B0FD2F0 {
   "frameTree": {
      "frame": {
         "adFrameStatus": {
            "adFrameType": "none"
         },
         "crossOriginIsolatedContextType": "NotIsolated",
         "domainAndRegistry": "",
         "gatedAPIFeatures": [  ],
         "id": "317BCE1B69ADD5E2CB8896729B0FD2F0",
         "loaderId": "2C21B7B2370530493067CC90F3A2B5D4",
         "mimeType": "text/html",
         "secureContextType": "SecureLocalhost",
         "securityOrigin": "http://localhost:3001",
         "securityOriginDetails": {
            "isLocalhost": true
         },
         "url": "http://localhost:3001/38/"
      }
   }
}
[1779734628.091][DEBUG]: DevTools WebSocket Command: DOM.resolveNode (id=234) (session_id=C343CF4352215FB366222828881A9632) 317BCE1B69ADD5E2CB8896729B0FD2F0 {
   "backendNodeId": 8,
   "objectGroup": "028bfe6c-ade3-43c1-bd27-65f06bd869f9"
}
[1779734628.091][DEBUG]: DevTools WebSocket Response: DOM.resolveNode (id=234) (session_id=C343CF4352215FB366222828881A9632) 317BCE1B69ADD5E2CB8896729B0FD2F0 {
   "object": {
      "className": "HTMLInputElement",
      "description": "input",
      "objectId": "4035418071753636418.1.71",
      "subtype": "node",
      "type": "object"
   }
}
[1779734628.091][DEBUG]: DevTools WebSocket Command: Page.getFrameTree (id=235) (session_id=C343CF4352215FB366222828881A9632) 317BCE1B69ADD5E2CB8896729B0FD2F0 {
}
[1779734628.091][DEBUG]: DevTools WebSocket Response: Page.getFrameTree (id=235) (session_id=C343CF4352215FB366222828881A9632) 317BCE1B69ADD5E2CB8896729B0FD2F0 {
   "frameTree": {
      "frame": {
         "adFrameStatus": {
            "adFrameType": "none"
         },
         "crossOriginIsolatedContextType": "NotIsolated",
         "domainAndRegistry": "",
         "gatedAPIFeatures": [  ],
         "id": "317BCE1B69ADD5E2CB8896729B0FD2F0",
         "loaderId": "2C21B7B2370530493067CC90F3A2B5D4",
         "mimeType": "text/html",
         "secureContextType": "SecureLocalhost",
         "securityOrigin": "http://localhost:3001",
         "securityOriginDetails": {
            "isLocalhost": true
         },
         "url": "http://localhost:3001/38/"
      }
   }
}
[1779734628.092][DEBUG]: DevTools WebSocket Command: Runtime.callFunctionOn (id=236) (session_id=C343CF4352215FB366222828881A9632) 317BCE1B69ADD5E2CB8896729B0FD2F0 {
   "arguments": [ {
      "objectId": "4035418071753636418.1.71"
   } ],
   "awaitPromise": true,
   "functionDeclaration": "function(){ return (function() { // Copyright 2012 The Chromium Authors\n// Use of this source code is governed by a BSD-style license that can be\n// found in the LICENSE file.\n\n/**\n * Enum for WebD...",
   "objectGroup": "028bfe6c-ade3-43c1-bd27-65f06bd869f9",
   "serializationOptions": {
      "serialization": "deep"
   },
   "uniqueContextId": "2750693019167562417.1494659916094996533"
}
[1779734628.098][DEBUG]: DevTools WebSocket Response: Runtime.callFunctionOn (id=236) (session_id=C343CF4352215FB366222828881A9632) 317BCE1B69ADD5E2CB8896729B0FD2F0 {
   "result": {
      "className": "Array",
      "deepSerializedValue": {
         "type": "array",
         "value": [ {
            "type": "string",
            "value": "{\"status\":12,\"value\":\"Element is not currently interactable and may not be manipulated\"}"
         } ]
      },
      "description": "Array(1)",
      "objectId": "4035418071753636418.1.72",
      "subtype": "array",
      "type": "object"
   }
}
[1779734628.098][DEBUG]: DevTools WebSocket Command: Runtime.releaseObjectGroup (id=237) (session_id=C343CF4352215FB366222828881A9632) 317BCE1B69ADD5E2CB8896729B0FD2F0 {
   "objectGroup": "028bfe6c-ade3-43c1-bd27-65f06bd869f9"
}
[1779734628.098][DEBUG]: DevTools WebSocket Command: Runtime.evaluate (id=238) (session_id=C343CF4352215FB366222828881A9632) 317BCE1B69ADD5E2CB8896729B0FD2F0 {
   "expression": "1"
}
[1779734628.098][DEBUG]: DevTools WebSocket Response: Runtime.releaseObjectGroup (id=237) (session_id=C343CF4352215FB366222828881A9632) 317BCE1B69ADD5E2CB8896729B0FD2F0 {
}
[1779734628.098][DEBUG]: DevTools WebSocket Response: Runtime.evaluate (id=238) (session_id=C343CF4352215FB366222828881A9632) 317BCE1B69ADD5E2CB8896729B0FD2F0 {
   "result": {
      "description": "1",
      "type": "number",
      "value": 1
   }
}
[1779734628.098][INFO]: Waiting for pending navigations...
[1779734628.098][DEBUG]: DevTools WebSocket Command: Runtime.evaluate (id=239) (session_id=C343CF4352215FB366222828881A9632) 317BCE1B69ADD5E2CB8896729B0FD2F0 {
   "expression": "1"
}
[1779734628.098][DEBUG]: DevTools WebSocket Response: Runtime.evaluate (id=239) (session_id=C343CF4352215FB366222828881A9632) 317BCE1B69ADD5E2CB8896729B0FD2F0 {
   "result": {
      "description": "1",
      "type": "number",
      "value": 1
   }
}
[1779734628.098][INFO]: Done waiting for pending navigations. Status: ok
[1779734628.098][INFO]: [a35b00a5256d9587b3fd79578b6fec5c] RESPONSE ClearElement ERROR invalid element state: Element is not currently interactable and may not be manipulated
  (Session info: chrome=148.0.7778.179)
[1779734628.100][INFO]: [a35b00a5256d9587b3fd79578b6fec5c] COMMAND TypeElement {
   "id": "f.317BCE1B69ADD5E2CB8896729B0FD2F0.d.2C21B7B2370530493067CC90F3A2B5D4.e.8",
   "text": "/Users/yanushevskayanadya/Desktop/e2e-tests-diplom/test_data/up-20260305130554.json",
   "value": [ "/", "U", "s", "e", "r", "s", "/", "y", "a", "n", "u", "s", "h", "e", "v", "s", "k", "a", "y", "a", "n", "a", "d", "y", "a", "/", "D", "e", "s", "k", "t", "o", "p", "/", "e", "2", "e", "-", "t", "e", "s", "t", "s", "-", "d", "i", "p", "l", "o", "m", "/", "t", "e", "s", "t", "_", "d", "a", "t", "a", "/", "u", "p", "-", "2", "0", "2", "6", "0", "3", "0", "5", "1", "3", "0", "5", "5", "4", ".", "j", "s", "o", "n" ]
}
[1779734628.100][INFO]: Waiting for pending navigations...
[1779734628.100][DEBUG]: DevTools WebSocket Command: Runtime.evaluate (id=240) (session_id=C343CF4352215FB366222828881A9632) 317BCE1B69ADD5E2CB8896729B0FD2F0 {
   "expression": "1"
}
[1779734628.100][DEBUG]: DevTools WebSocket Response: Runtime.evaluate (id=240) (session_id=C343CF4352215FB366222828881A9632) 317BCE1B69ADD5E2CB8896729B0FD2F0 {
   "result": {
      "description": "1",
      "type": "number",
      "value": 1
   }
}
[1779734628.100][INFO]: Done waiting for pending navigations. Status: ok
[1779734628.100][DEBUG]: DevTools WebSocket Command: Page.getFrameTree (id=241) (session_id=C343CF4352215FB366222828881A9632) 317BCE1B69ADD5E2CB8896729B0FD2F0 {
}
[1779734628.101][DEBUG]: DevTools WebSocket Response: Page.getFrameTree (id=241) (session_id=C343CF4352215FB366222828881A9632) 317BCE1B69ADD5E2CB8896729B0FD2F0 {
   "frameTree": {
      "frame": {
         "adFrameStatus": {
            "adFrameType": "none"
         },
         "crossOriginIsolatedContextType": "NotIsolated",
         "domainAndRegistry": "",
         "gatedAPIFeatures": [  ],
         "id": "317BCE1B69ADD5E2CB8896729B0FD2F0",
         "loaderId": "2C21B7B2370530493067CC90F3A2B5D4",
         "mimeType": "text/html",
         "secureContextType": "SecureLocalhost",
         "securityOrigin": "http://localhost:3001",
         "securityOriginDetails": {
            "isLocalhost": true
         },
         "url": "http://localhost:3001/38/"
      }
   }
}
[1779734628.101][DEBUG]: DevTools WebSocket Command: DOM.resolveNode (id=242) (session_id=C343CF4352215FB366222828881A9632) 317BCE1B69ADD5E2CB8896729B0FD2F0 {
   "backendNodeId": 8,
   "objectGroup": "04ee0750-c6ff-4e4e-9d1a-c7cb4ae3f7e6"
}
[1779734628.102][DEBUG]: DevTools WebSocket Response: DOM.resolveNode (id=242) (session_id=C343CF4352215FB366222828881A9632) 317BCE1B69ADD5E2CB8896729B0FD2F0 {
   "object": {
      "className": "HTMLInputElement",
      "description": "input",
      "objectId": "4035418071753636418.1.73",
      "subtype": "node",
      "type": "object"
   }
}
[1779734628.102][DEBUG]: DevTools WebSocket Command: Page.getFrameTree (id=243) (session_id=C343CF4352215FB366222828881A9632) 317BCE1B69ADD5E2CB8896729B0FD2F0 {
}
[1779734628.102][DEBUG]: DevTools WebSocket Response: Page.getFrameTree (id=243) (session_id=C343CF4352215FB366222828881A9632) 317BCE1B69ADD5E2CB8896729B0FD2F0 {
   "frameTree": {
      "frame": {
         "adFrameStatus": {
            "adFrameType": "none"
         },
         "crossOriginIsolatedContextType": "NotIsolated",
         "domainAndRegistry": "",
         "gatedAPIFeatures": [  ],
         "id": "317BCE1B69ADD5E2CB8896729B0FD2F0",
         "loaderId": "2C21B7B2370530493067CC90F3A2B5D4",
         "mimeType": "text/html",
         "secureContextType": "SecureLocalhost",
         "securityOrigin": "http://localhost:3001",
         "securityOriginDetails": {
            "isLocalhost": true
         },
         "url": "http://localhost:3001/38/"
      }
   }
}
[1779734628.102][DEBUG]: DevTools WebSocket Command: Runtime.callFunctionOn (id=244) (session_id=C343CF4352215FB366222828881A9632) 317BCE1B69ADD5E2CB8896729B0FD2F0 {
   "arguments": [ {
      "objectId": "4035418071753636418.1.73"
   } ],
   "awaitPromise": true,
   "functionDeclaration": "function(){ return (function() { // Copyright 2012 The Chromium Authors\n// Use of this source code is governed by a BSD-style license that can be\n// found in the LICENSE file.\n\n/**\n * Enum for WebD...",
   "objectGroup": "04ee0750-c6ff-4e4e-9d1a-c7cb4ae3f7e6",
   "serializationOptions": {
      "serialization": "deep"
   },
   "uniqueContextId": "2750693019167562417.1494659916094996533"
}
[1779734628.105][DEBUG]: DevTools WebSocket Response: Runtime.callFunctionOn (id=244) (session_id=C343CF4352215FB366222828881A9632) 317BCE1B69ADD5E2CB8896729B0FD2F0 {
   "result": {
      "className": "Array",
      "deepSerializedValue": {
         "type": "array",
         "value": [ {
            "type": "string",
            "value": "{\"status\":0,\"value\":\"INPUT\"}"
         } ]
      },
      "description": "Array(1)",
      "objectId": "4035418071753636418.1.74",
      "subtype": "array",
      "type": "object"
   }
}
[1779734628.105][DEBUG]: DevTools WebSocket Command: Runtime.releaseObjectGroup (id=245) (session_id=C343CF4352215FB366222828881A9632) 317BCE1B69ADD5E2CB8896729B0FD2F0 {
   "objectGroup": "04ee0750-c6ff-4e4e-9d1a-c7cb4ae3f7e6"
}
[1779734628.105][DEBUG]: DevTools WebSocket Command: Page.getFrameTree (id=246) (session_id=C343CF4352215FB366222828881A9632) 317BCE1B69ADD5E2CB8896729B0FD2F0 {
}
[1779734628.105][DEBUG]: DevTools WebSocket Response: Runtime.releaseObjectGroup (id=245) (session_id=C343CF4352215FB366222828881A9632) 317BCE1B69ADD5E2CB8896729B0FD2F0 {
}
[1779734628.105][DEBUG]: DevTools WebSocket Response: Page.getFrameTree (id=246) (session_id=C343CF4352215FB366222828881A9632) 317BCE1B69ADD5E2CB8896729B0FD2F0 {
   "frameTree": {
      "frame": {
         "adFrameStatus": {
            "adFrameType": "none"
         },
         "crossOriginIsolatedContextType": "NotIsolated",
         "domainAndRegistry": "",
         "gatedAPIFeatures": [  ],
         "id": "317BCE1B69ADD5E2CB8896729B0FD2F0",
         "loaderId": "2C21B7B2370530493067CC90F3A2B5D4",
         "mimeType": "text/html",
         "secureContextType": "SecureLocalhost",
         "securityOrigin": "http://localhost:3001",
         "securityOriginDetails": {
            "isLocalhost": true
         },
         "url": "http://localhost:3001/38/"
      }
   }
}
[1779734628.105][DEBUG]: DevTools WebSocket Command: DOM.resolveNode (id=247) (session_id=C343CF4352215FB366222828881A9632) 317BCE1B69ADD5E2CB8896729B0FD2F0 {
   "backendNodeId": 8,
   "objectGroup": "c3431867-7fb5-43b6-9d13-ea2c555e4c3e"
}
[1779734628.105][DEBUG]: DevTools WebSocket Response: DOM.resolveNode (id=247) (session_id=C343CF4352215FB366222828881A9632) 317BCE1B69ADD5E2CB8896729B0FD2F0 {
   "object": {
      "className": "HTMLInputElement",
      "description": "input",
      "objectId": "4035418071753636418.1.75",
      "subtype": "node",
      "type": "object"
   }
}
[1779734628.105][DEBUG]: DevTools WebSocket Command: Page.getFrameTree (id=248) (session_id=C343CF4352215FB366222828881A9632) 317BCE1B69ADD5E2CB8896729B0FD2F0 {
}
[1779734628.106][DEBUG]: DevTools WebSocket Response: Page.getFrameTree (id=248) (session_id=C343CF4352215FB366222828881A9632) 317BCE1B69ADD5E2CB8896729B0FD2F0 {
   "frameTree": {
      "frame": {
         "adFrameStatus": {
            "adFrameType": "none"
         },
         "crossOriginIsolatedContextType": "NotIsolated",
         "domainAndRegistry": "",
         "gatedAPIFeatures": [  ],
         "id": "317BCE1B69ADD5E2CB8896729B0FD2F0",
         "loaderId": "2C21B7B2370530493067CC90F3A2B5D4",
         "mimeType": "text/html",
         "secureContextType": "SecureLocalhost",
         "securityOrigin": "http://localhost:3001",
         "securityOriginDetails": {
            "isLocalhost": true
         },
         "url": "http://localhost:3001/38/"
      }
   }
}
[1779734628.106][DEBUG]: DevTools WebSocket Command: Runtime.callFunctionOn (id=249) (session_id=C343CF4352215FB366222828881A9632) 317BCE1B69ADD5E2CB8896729B0FD2F0 {
   "arguments": [ {
      "objectId": "4035418071753636418.1.75"
   } ],
   "awaitPromise": true,
   "functionDeclaration": "function(){ return (function() { // Copyright 2012 The Chromium Authors\n// Use of this source code is governed by a BSD-style license that can be\n// found in the LICENSE file.\n\n/**\n * Enum for WebD...",
   "objectGroup": "c3431867-7fb5-43b6-9d13-ea2c555e4c3e",
   "serializationOptions": {
      "serialization": "deep"
   },
   "uniqueContextId": "2750693019167562417.1494659916094996533"
}
[1779734628.107][DEBUG]: DevTools WebSocket Response: Runtime.callFunctionOn (id=249) (session_id=C343CF4352215FB366222828881A9632) 317BCE1B69ADD5E2CB8896729B0FD2F0 {
   "result": {
      "className": "Array",
      "deepSerializedValue": {
         "type": "array",
         "value": [ {
            "type": "string",
            "value": "{\"status\":0,\"value\":\"file\"}"
         } ]
      },
      "description": "Array(1)",
      "objectId": "4035418071753636418.1.76",
      "subtype": "array",
      "type": "object"
   }
}
[1779734628.107][DEBUG]: DevTools WebSocket Command: Runtime.releaseObjectGroup (id=250) (session_id=C343CF4352215FB366222828881A9632) 317BCE1B69ADD5E2CB8896729B0FD2F0 {
   "objectGroup": "c3431867-7fb5-43b6-9d13-ea2c555e4c3e"
}
[1779734628.107][DEBUG]: DevTools WebSocket Command: Page.getFrameTree (id=251) (session_id=C343CF4352215FB366222828881A9632) 317BCE1B69ADD5E2CB8896729B0FD2F0 {
}
[1779734628.107][DEBUG]: DevTools WebSocket Response: Runtime.releaseObjectGroup (id=250) (session_id=C343CF4352215FB366222828881A9632) 317BCE1B69ADD5E2CB8896729B0FD2F0 {
}
[1779734628.107][DEBUG]: DevTools WebSocket Response: Page.getFrameTree (id=251) (session_id=C343CF4352215FB366222828881A9632) 317BCE1B69ADD5E2CB8896729B0FD2F0 {
   "frameTree": {
      "frame": {
         "adFrameStatus": {
            "adFrameType": "none"
         },
         "crossOriginIsolatedContextType": "NotIsolated",
         "domainAndRegistry": "",
         "gatedAPIFeatures": [  ],
         "id": "317BCE1B69ADD5E2CB8896729B0FD2F0",
         "loaderId": "2C21B7B2370530493067CC90F3A2B5D4",
         "mimeType": "text/html",
         "secureContextType": "SecureLocalhost",
         "securityOrigin": "http://localhost:3001",
         "securityOriginDetails": {
            "isLocalhost": true
         },
         "url": "http://localhost:3001/38/"
      }
   }
}
[1779734628.107][DEBUG]: DevTools WebSocket Command: DOM.resolveNode (id=252) (session_id=C343CF4352215FB366222828881A9632) 317BCE1B69ADD5E2CB8896729B0FD2F0 {
   "backendNodeId": 8,
   "objectGroup": "75f2811d-dfe7-4bba-8fad-2fa69ca7dab3"
}
[1779734628.108][DEBUG]: DevTools WebSocket Response: DOM.resolveNode (id=252) (session_id=C343CF4352215FB366222828881A9632) 317BCE1B69ADD5E2CB8896729B0FD2F0 {
   "object": {
      "className": "HTMLInputElement",
      "description": "input",
      "objectId": "4035418071753636418.1.77",
      "subtype": "node",
      "type": "object"
   }
}
[1779734628.108][DEBUG]: DevTools WebSocket Command: Page.getFrameTree (id=253) (session_id=C343CF4352215FB366222828881A9632) 317BCE1B69ADD5E2CB8896729B0FD2F0 {
}
[1779734628.108][DEBUG]: DevTools WebSocket Response: Page.getFrameTree (id=253) (session_id=C343CF4352215FB366222828881A9632) 317BCE1B69ADD5E2CB8896729B0FD2F0 {
   "frameTree": {
      "frame": {
         "adFrameStatus": {
            "adFrameType": "none"
         },
         "crossOriginIsolatedContextType": "NotIsolated",
         "domainAndRegistry": "",
         "gatedAPIFeatures": [  ],
         "id": "317BCE1B69ADD5E2CB8896729B0FD2F0",
         "loaderId": "2C21B7B2370530493067CC90F3A2B5D4",
         "mimeType": "text/html",
         "secureContextType": "SecureLocalhost",
         "securityOrigin": "http://localhost:3001",
         "securityOriginDetails": {
            "isLocalhost": true
         },
         "url": "http://localhost:3001/38/"
      }
   }
}
[1779734628.108][DEBUG]: DevTools WebSocket Command: Runtime.callFunctionOn (id=254) (session_id=C343CF4352215FB366222828881A9632) 317BCE1B69ADD5E2CB8896729B0FD2F0 {
   "arguments": [ {
      "objectId": "4035418071753636418.1.77"
   } ],
   "awaitPromise": true,
   "functionDeclaration": "function(){ return (function() { // Copyright 2012 The Chromium Authors\n// Use of this source code is governed by a BSD-style license that can be\n// found in the LICENSE file.\n\n/**\n * Enum for WebD...",
   "objectGroup": "75f2811d-dfe7-4bba-8fad-2fa69ca7dab3",
   "serializationOptions": {
      "serialization": "deep"
   },
   "uniqueContextId": "2750693019167562417.1494659916094996533"
}
[1779734628.111][DEBUG]: DevTools WebSocket Response: Runtime.callFunctionOn (id=254) (session_id=C343CF4352215FB366222828881A9632) 317BCE1B69ADD5E2CB8896729B0FD2F0 {
   "result": {
      "className": "Array",
      "deepSerializedValue": {
         "type": "array",
         "value": [ {
            "type": "string",
            "value": "{\"status\":0,\"value\":null}"
         } ]
      },
      "description": "Array(1)",
      "objectId": "4035418071753636418.1.78",
      "subtype": "array",
      "type": "object"
   }
}
[1779734628.111][DEBUG]: DevTools WebSocket Command: Runtime.releaseObjectGroup (id=255) (session_id=C343CF4352215FB366222828881A9632) 317BCE1B69ADD5E2CB8896729B0FD2F0 {
   "objectGroup": "75f2811d-dfe7-4bba-8fad-2fa69ca7dab3"
}
[1779734628.111][DEBUG]: DevTools WebSocket Command: Page.getFrameTree (id=256) (session_id=C343CF4352215FB366222828881A9632) 317BCE1B69ADD5E2CB8896729B0FD2F0 {
}
[1779734628.111][DEBUG]: DevTools WebSocket Response: Runtime.releaseObjectGroup (id=255) (session_id=C343CF4352215FB366222828881A9632) 317BCE1B69ADD5E2CB8896729B0FD2F0 {
}
[1779734628.111][DEBUG]: DevTools WebSocket Response: Page.getFrameTree (id=256) (session_id=C343CF4352215FB366222828881A9632) 317BCE1B69ADD5E2CB8896729B0FD2F0 {
   "frameTree": {
      "frame": {
         "adFrameStatus": {
            "adFrameType": "none"
         },
         "crossOriginIsolatedContextType": "NotIsolated",
         "domainAndRegistry": "",
         "gatedAPIFeatures": [  ],
         "id": "317BCE1B69ADD5E2CB8896729B0FD2F0",
         "loaderId": "2C21B7B2370530493067CC90F3A2B5D4",
         "mimeType": "text/html",
         "secureContextType": "SecureLocalhost",
         "securityOrigin": "http://localhost:3001",
         "securityOriginDetails": {
            "isLocalhost": true
         },
         "url": "http://localhost:3001/38/"
      }
   }
}
[1779734628.111][DEBUG]: DevTools WebSocket Command: DOM.setFileInputFiles (id=257) (session_id=C343CF4352215FB366222828881A9632) 317BCE1B69ADD5E2CB8896729B0FD2F0 {
   "backendNodeId": 8,
   "files": [ "/Users/yanushevskayanadya/Desktop/e2e-tests-diplom/test_data/up-20260305130554.json" ]
}
[1779734628.116][DEBUG]: DevTools WebSocket Response: DOM.setFileInputFiles (id=257) (session_id=C343CF4352215FB366222828881A9632) 317BCE1B69ADD5E2CB8896729B0FD2F0 {
}
[1779734628.116][INFO]: Waiting for pending navigations...
[1779734628.116][DEBUG]: DevTools WebSocket Command: Runtime.evaluate (id=258) (session_id=C343CF4352215FB366222828881A9632) 317BCE1B69ADD5E2CB8896729B0FD2F0 {
   "expression": "1"
}
[1779734628.117][DEBUG]: DevTools WebSocket Response: Runtime.evaluate (id=258) (session_id=C343CF4352215FB366222828881A9632) 317BCE1B69ADD5E2CB8896729B0FD2F0 {
   "result": {
      "description": "1",
      "type": "number",
      "value": 1
   }
}
[1779734628.117][INFO]: Done waiting for pending navigations. Status: ok
[1779734628.117][INFO]: [a35b00a5256d9587b3fd79578b6fec5c] RESPONSE TypeElement
Trying to load the allocator multiple times. This is *not* supported.
[27611:15662256:0525/214348.563869:ERROR:google_apis/gcm/engine/registration_request.cc:291] Registration response error message: PHONE_REGISTRATION_ERROR
[27611:15662256:0525/214348.589664:ERROR:google_apis/gcm/engine/registration_request.cc:291] Registration response error message: PHONE_REGISTRATION_ERROR
[27611:15662256:0525/214348.589763:ERROR:google_apis/gcm/engine/registration_request.cc:291] Registration response error message: PHONE_REGISTRATION_ERROR
[1779734633.124][INFO]: [a35b00a5256d9587b3fd79578b6fec5c] COMMAND Screenshot {
}
[1779734633.124][DEBUG]: DevTools WebSocket Event: Page.javascriptDialogOpening (session_id=C343CF4352215FB366222828881A9632) 317BCE1B69ADD5E2CB8896729B0FD2F0 {
   "defaultPrompt": "",
   "frameId": "317BCE1B69ADD5E2CB8896729B0FD2F0",
   "hasBrowserHandler": true,
   "message": "AxiosError: Network Error",
   "type": "alert",
   "url": "http://localhost:3001/38/"
}
[1779734633.124][DEBUG]: DevTools WebSocket Command: Inspector.enable (id=259) (session_id=C343CF4352215FB366222828881A9632) 317BCE1B69ADD5E2CB8896729B0FD2F0 {
   "purpose": "detect if alert blocked any cmds"
}
[1779734633.124][DEBUG]: DevTools WebSocket Response: Inspector.enable (id=259) (session_id=C343CF4352215FB366222828881A9632) 317BCE1B69ADD5E2CB8896729B0FD2F0 {
}
[1779734633.124][DEBUG]: DevTools WebSocket Command: Page.handleJavaScriptDialog (id=260) (session_id=C343CF4352215FB366222828881A9632) 317BCE1B69ADD5E2CB8896729B0FD2F0 {
   "accept": false,
   "promptText": ""
}
[1779734633.125][DEBUG]: DevTools WebSocket Event: Page.javascriptDialogClosed (session_id=C343CF4352215FB366222828881A9632) 317BCE1B69ADD5E2CB8896729B0FD2F0 {
   "frameId": "317BCE1B69ADD5E2CB8896729B0FD2F0",
   "result": false,
   "userInput": ""
}
[27611:15662232:0525/214353.125075:INFO:CONSOLE:58] "[object Object]", source: http://localhost:3001/38/src/helpers/export.ts (58)
[27611:15662232:0525/214353.125100:INFO:CONSOLE:71] "---- appended and returned: 0", source: http://localhost:3001/38/src/helpers/export.ts (71)
[1779734633.125][DEBUG]: DevTools WebSocket Response: Page.handleJavaScriptDialog (id=260) (session_id=C343CF4352215FB366222828881A9632) 317BCE1B69ADD5E2CB8896729B0FD2F0 {
}
[1779734633.126][INFO]: [a35b00a5256d9587b3fd79578b6fec5c] RESPONSE Screenshot ERROR unexpected alert open: {Alert text : AxiosError: Network Error}
  (Session info: chrome=148.0.7778.179)
[27611:15662232:0525/214353.148105:INFO:CONSOLE:102] "[object Object]", source: http://localhost:3001/38/src/components/Startup/dataaccess.tsx (102)
[1779734634.131][INFO]: [a35b00a5256d9587b3fd79578b6fec5c] COMMAND Screenshot {
}
[1779734634.131][DEBUG]: DevTools WebSocket Event: Runtime.consoleAPICalled (session_id=C343CF4352215FB366222828881A9632) 317BCE1B69ADD5E2CB8896729B0FD2F0 {
   "args": [ {
      "className": "AxiosError",
      "description": "AxiosError",
      "objectId": "4035418071753636418.1.79",
      "preview": {
         "description": "AxiosError",
         "overflow": true,
         "properties": [ {
            "name": "message",
            "type": "string",
            "value": "Network Error"
         }, {
            "name": "name",
            "type": "string",
            "value": "AxiosError"
         }, {
            "name": "code",
            "type": "string",
            "value": "ERR_NETWORK"
         }, {
            "name": "config",
            "type": "object",
            "value": "Object"
         }, {
            "name": "request",
            "type": "object",
            "value": "XMLHttpRequest"
         } ],
         "type": "object"
      },
      "type": "object"
   } ],
   "executionContextId": 1,
   "stackTrace": {
      "callFrames": [ {
         "columnNumber": 16,
         "functionName": "",
         "lineNumber": 57,
         "scriptId": "28",
         "url": "http://localhost:3001/38/src/helpers/export.ts"
      } ]
   },
   "timestamp": 1.779734633124463e+12,
   "type": "log"
}
[1779734634.131][DEBUG]: DevTools WebSocket Event: Runtime.consoleAPICalled (session_id=C343CF4352215FB366222828881A9632) 317BCE1B69ADD5E2CB8896729B0FD2F0 {
   "args": [ {
      "type": "string",
      "value": "---- appended and returned: 0"
   } ],
   "executionContextId": 1,
   "stackTrace": {
      "callFrames": [ {
         "columnNumber": 16,
         "functionName": "",
         "lineNumber": 70,
         "scriptId": "28",
         "url": "http://localhost:3001/38/src/helpers/export.ts"
      } ]
   },
   "timestamp": 1.779734633124711e+12,
   "type": "log"
}
[1779734634.131][DEBUG]: DevTools WebSocket Event: Log.entryAdded (session_id=C343CF4352215FB366222828881A9632) 317BCE1B69ADD5E2CB8896729B0FD2F0 {
   "entry": {
      "level": "error",
      "networkRequestId": "27621.287",
      "source": "network",
      "text": "Failed to load resource: net::ERR_CONNECTION_REFUSED",
      "timestamp": 1.779734633147637e+12,
      "url": "http://localhost:3003/nomens/append"
   }
}
[1779734634.131][DEBUG]: DevTools WebSocket Event: Runtime.consoleAPICalled (session_id=C343CF4352215FB366222828881A9632) 317BCE1B69ADD5E2CB8896729B0FD2F0 {
   "args": [ {
      "className": "AxiosError",
      "description": "AxiosError",
      "objectId": "4035418071753636418.1.80",
      "preview": {
         "description": "AxiosError",
         "overflow": true,
         "properties": [ {
            "name": "message",
            "type": "string",
            "value": "Network Error"
         }, {
            "name": "name",
            "type": "string",
            "value": "AxiosError"
         }, {
            "name": "code",
            "type": "string",
            "value": "ERR_NETWORK"
         }, {
            "name": "config",
            "type": "object",
            "value": "Object"
         }, {
            "name": "request",
            "type": "object",
            "value": "XMLHttpRequest"
         } ],
         "type": "object"
      },
      "type": "object"
   } ],
   "executionContextId": 1,
   "stackTrace": {
      "callFrames": [ {
         "columnNumber": 16,
         "functionName": "",
         "lineNumber": 101,
         "scriptId": "51",
         "url": "http://localhost:3001/38/src/components/Startup/dataaccess.tsx"
      } ]
   },
   "timestamp": 1.779734633148057e+12,
   "type": "log"
}
[1779734634.131][DEBUG]: DevTools WebSocket Event: Log.entryAdded (session_id=C343CF4352215FB366222828881A9632) 317BCE1B69ADD5E2CB8896729B0FD2F0 {
   "entry": {
      "level": "error",
      "networkRequestId": "27621.288",
      "source": "network",
      "text": "Failed to load resource: net::ERR_CONNECTION_REFUSED",
      "timestamp": 1.779734633148126e+12,
      "url": "http://localhost:3003/nomens/array?ids%5B%5D=0&ids%5B%5D=6439&ids%5B%5D=3851&ids%5B%5D=3830&ids%5B%5D=6440&ids%5B%5D=3853&ids%5B%5D=3854&ids%5B%5D=3856&ids%5B%5D=3860&ids%5B%5D=3861&ids%5B%5D=3862&..."
   }
}
[1779734634.131][INFO]: Waiting for pending navigations...
[1779734634.131][DEBUG]: DevTools WebSocket Command: Runtime.evaluate (id=261) (session_id=C343CF4352215FB366222828881A9632) 317BCE1B69ADD5E2CB8896729B0FD2F0 {
   "expression": "1"
}
[1779734634.131][DEBUG]: DevTools WebSocket Response: Runtime.evaluate (id=261) (session_id=C343CF4352215FB366222828881A9632) 317BCE1B69ADD5E2CB8896729B0FD2F0 {
   "result": {
      "description": "1",
      "type": "number",
      "value": 1
   }
}
[1779734634.131][INFO]: Done waiting for pending navigations. Status: ok
[1779734634.131][DEBUG]: DevTools WebSocket Command: Target.activateTarget (id=262) (session_id=) browser {
   "targetId": "317BCE1B69ADD5E2CB8896729B0FD2F0"
}
[1779734634.133][DEBUG]: DevTools WebSocket Response: Target.activateTarget (id=262) (session_id=) browser {
}
[1779734634.133][DEBUG]: DevTools WebSocket Command: Page.captureScreenshot (id=263) (session_id=C343CF4352215FB366222828881A9632) 317BCE1B69ADD5E2CB8896729B0FD2F0 {
}
[1779734634.234][DEBUG]: DevTools WebSocket Response: Page.captureScreenshot (id=263) (session_id=C343CF4352215FB366222828881A9632) 317BCE1B69ADD5E2CB8896729B0FD2F0 {
   "data": "iVBORw0KGgoAAAANSUhEUgAACWAAAATYCAIAAAAUYWvhAAABLGlDQ1BfAAB4nJWQPUsDQRCGH0NA1DSiooXFlWnUJGI+UAsTNWiZKES7y+UIYhKPy4n2af0R1naCjQipbawEKxEbe0Gwje/dFReQFJlhdp59d9jdGYgtIYunoN3x3Eq5aNROTo3JTybkgZlW12G0q..."
}
[1779734634.234][INFO]: Waiting for pending navigations...
[1779734634.234][DEBUG]: DevTools WebSocket Command: Runtime.evaluate (id=264) (session_id=C343CF4352215FB366222828881A9632) 317BCE1B69ADD5E2CB8896729B0FD2F0 {
   "expression": "1"
}
[1779734634.234][DEBUG]: DevTools WebSocket Response: Runtime.evaluate (id=264) (session_id=C343CF4352215FB366222828881A9632) 317BCE1B69ADD5E2CB8896729B0FD2F0 {
   "result": {
      "description": "1",
      "type": "number",
      "value": 1
   }
}
[1779734634.234][INFO]: Done waiting for pending navigations. Status: ok
[1779734634.234][INFO]: [a35b00a5256d9587b3fd79578b6fec5c] RESPONSE Screenshot "iVBORw0KGgoAAAANSUhEUgAACWAAAATYCAIAAAAUYWvhAAABLGlDQ1BfAAB4nJWQPUsDQRCGH0NA1DSiooXFlWnUJGI+UAsTNWiZKES7y+UIYhKPy4n2af0R1naCjQipbawEKxEbe0Gwje/dFReQFJlhdp59d9jdGYgtIYunoN3x3Eq5aNROTo3JTybkgZlW12G0q..."
[1779734636.244][INFO]: [a35b00a5256d9587b3fd79578b6fec5c] COMMAND FindElements {
   "using": "css selector",
   "value": "span.text-sm.font-semibold.whitespace-nowrap"
}
[1779734636.244][INFO]: Waiting for pending navigations...
[1779734636.244][DEBUG]: DevTools WebSocket Command: Runtime.evaluate (id=265) (session_id=C343CF4352215FB366222828881A9632) 317BCE1B69ADD5E2CB8896729B0FD2F0 {
   "expression": "1"
}
[1779734636.245][DEBUG]: DevTools WebSocket Response: Runtime.evaluate (id=265) (session_id=C343CF4352215FB366222828881A9632) 317BCE1B69ADD5E2CB8896729B0FD2F0 {
   "result": {
      "description": "1",
      "type": "number",
      "value": 1
   }
}
[1779734636.245][INFO]: Done waiting for pending navigations. Status: ok
[1779734636.245][DEBUG]: DevTools WebSocket Command: Page.getFrameTree (id=266) (session_id=C343CF4352215FB366222828881A9632) 317BCE1B69ADD5E2CB8896729B0FD2F0 {
}
[1779734636.245][DEBUG]: DevTools WebSocket Response: Page.getFrameTree (id=266) (session_id=C343CF4352215FB366222828881A9632) 317BCE1B69ADD5E2CB8896729B0FD2F0 {
   "frameTree": {
      "frame": {
         "adFrameStatus": {
            "adFrameType": "none"
         },
         "crossOriginIsolatedContextType": "NotIsolated",
         "domainAndRegistry": "",
         "gatedAPIFeatures": [  ],
         "id": "317BCE1B69ADD5E2CB8896729B0FD2F0",
         "loaderId": "2C21B7B2370530493067CC90F3A2B5D4",
         "mimeType": "text/html",
         "secureContextType": "SecureLocalhost",
         "securityOrigin": "http://localhost:3001",
         "securityOriginDetails": {
            "isLocalhost": true
         },
         "url": "http://localhost:3001/38/"
      }
   }
}
[1779734636.245][DEBUG]: DevTools WebSocket Command: Page.getFrameTree (id=267) (session_id=C343CF4352215FB366222828881A9632) 317BCE1B69ADD5E2CB8896729B0FD2F0 {
}
[1779734636.245][DEBUG]: DevTools WebSocket Response: Page.getFrameTree (id=267) (session_id=C343CF4352215FB366222828881A9632) 317BCE1B69ADD5E2CB8896729B0FD2F0 {
   "frameTree": {
      "frame": {
         "adFrameStatus": {
            "adFrameType": "none"
         },
         "crossOriginIsolatedContextType": "NotIsolated",
         "domainAndRegistry": "",
         "gatedAPIFeatures": [  ],
         "id": "317BCE1B69ADD5E2CB8896729B0FD2F0",
         "loaderId": "2C21B7B2370530493067CC90F3A2B5D4",
         "mimeType": "text/html",
         "secureContextType": "SecureLocalhost",
         "securityOrigin": "http://localhost:3001",
         "securityOriginDetails": {
            "isLocalhost": true
         },
         "url": "http://localhost:3001/38/"
      }
   }
}
[1779734636.246][DEBUG]: DevTools WebSocket Command: Runtime.callFunctionOn (id=268) (session_id=C343CF4352215FB366222828881A9632) 317BCE1B69ADD5E2CB8896729B0FD2F0 {
   "arguments": [  ],
   "awaitPromise": true,
   "functionDeclaration": "function(){ return (function() { // Copyright 2012 The Chromium Authors\n// Use of this source code is governed by a BSD-style license that can be\n// found in the LICENSE file.\n\n/**\n * Enum for WebD...",
   "serializationOptions": {
      "serialization": "deep"
   },
   "uniqueContextId": "2750693019167562417.1494659916094996533"
}
[1779734636.249][DEBUG]: DevTools WebSocket Response: Runtime.callFunctionOn (id=268) (session_id=C343CF4352215FB366222828881A9632) 317BCE1B69ADD5E2CB8896729B0FD2F0 {
   "result": {
      "className": "Array",
      "deepSerializedValue": {
         "type": "array",
         "value": [ {
            "type": "string",
            "value": "{\"status\":0,\"value\":[{\"element-6066-11e4-a52e-4f735466cecf\":0}]}"
         }, {
            "type": "node",
            "value": {
               "attributes": {
                  "aria-describedby": ":rp:",
                  "class": "text-sm font-semibold whitespace-nowrap ",
                  "style": "color: rgb(29, 78, 216);"
               },
               "backendNodeId": 17,
               "childNodeCount": 1,
               "loaderId": "2C21B7B2370530493067CC90F3A2B5D4",
               "localName": "span",
               "namespaceURI": "http://www.w3.org/1999/xhtml",
               "nodeType": 1,
               "shadowRoot": null
            }
         } ]
      },
      "description": "Array(2)",
      "objectId": "4035418071753636418.1.81",
      "subtype": "array",
      "type": "object"
   }
}
[1779734636.249][INFO]: Waiting for pending navigations...
[1779734636.249][DEBUG]: DevTools WebSocket Command: Runtime.evaluate (id=269) (session_id=C343CF4352215FB366222828881A9632) 317BCE1B69ADD5E2CB8896729B0FD2F0 {
   "expression": "1"
}
[1779734636.249][DEBUG]: DevTools WebSocket Response: Runtime.evaluate (id=269) (session_id=C343CF4352215FB366222828881A9632) 317BCE1B69ADD5E2CB8896729B0FD2F0 {
   "result": {
      "description": "1",
      "type": "number",
      "value": 1
   }
}
[1779734636.249][INFO]: Done waiting for pending navigations. Status: ok
[1779734636.249][INFO]: [a35b00a5256d9587b3fd79578b6fec5c] RESPONSE FindElements [ {
   "element-6066-11e4-a52e-4f735466cecf": "f.317BCE1B69ADD5E2CB8896729B0FD2F0.d.2C21B7B2370530493067CC90F3A2B5D4.e.17"
} ]
[1779734636.251][INFO]: [a35b00a5256d9587b3fd79578b6fec5c] COMMAND ExecuteScript {
   "args": [ {
      "ELEMENT": "f.317BCE1B69ADD5E2CB8896729B0FD2F0.d.2C21B7B2370530493067CC90F3A2B5D4.e.17",
      "element-6066-11e4-a52e-4f735466cecf": "f.317BCE1B69ADD5E2CB8896729B0FD2F0.d.2C21B7B2370530493067CC90F3A2B5D4.e.17"
   } ],
   "script": "/* isDisplayed */return (function(){return (function(){var g=this||self;\nfunction aa(a){var b=typeof a;if(\"object\"==b)if(a){if(a instanceof Array)return\"array\";if(a instanceof Object)return b;var c=Object.prototype.toString.call(a);if(\"[object Window]\"==c)return\"object\";if(\"[object Array]\"==c||\"number\"==typeof a.length&&\"undefined\"!=typeof a.splice&&\"undefined\"!=typeof a.propertyIsEnumerable&&!a.propertyIsEnumerable(\"splice\"))return\"array\";if(\"[object Function]\"==c||\"undefined\"!=typeof a.call&&\"undefined\"!=typeof a.propertyIsEnumerable&&!a.propertyIsEnumerable(\"call\"))return\"function\"}else return\"null\";else if(\"function\"==\nb&&\"undefined\"==typeof a.call)return\"object\";return b}function ca(a,b){function c(){}c.prototype=b.prototype;a.prototype=new c;a.prototype.constructor=a};var da=Array.prototype.indexOf?function(a,b){return Array.prototype.indexOf.call(a,b,void 0)}:function(a,b){if(\"string\"===typeof a)return\"string\"!==typeof b||1!=b.length?-1:a.indexOf(b,0);for(var c=0;c\u003Ca.length;c++)if(c in a&&a[c]===b)return c;return-1},ea=Array.prototype.some?function(a,b){return Array.prototype.some.call(a,b,void 0)}:function(a,b){for(var c=a.length,e=\"string\"===typeof a?a.split(\"\"):a,d=0;d\u003Cc;d++)if(d in e&&b.call(void 0,e[d],d,a))return!0;return!1},fa=Array.prototype.every?function(a,\nb){return Array.prototype.every.call(a,b,void 0)}:function(a,b){for(var c=a.length,e=\"string\"===typeof a?a.split(\"\"):a,d=0;d\u003Cc;d++)if(d in e&&!b.call(void 0,e[d],d,a))return!1;return!0};var ha={aliceblue:\"#f0f8ff\",antiquewhite:\"#faebd7\",aqua:\"#00ffff\",aquamarine:\"#7fffd4\",azure:\"#f0ffff\",beige:\"#f5f5dc\",bisque:\"#ffe4c4\",black:\"#000000\",blanchedalmond:\"#ffebcd\",blue:\"#0000ff\",blueviolet:\"#8a2be2\",brown:\"#a52a2a\",burlywood:\"#deb887\",cadetblue:\"#5f9ea0\",chartreuse:\"#7fff00\",chocolate:\"#d2691e\",coral:\"#ff7f50\",cornflowerblue:\"#6495ed\",cornsilk:\"#fff8dc\",crimson:\"#dc143c\",cyan:\"#00ffff\",darkblue:\"#00008b\",darkcyan:\"#008b8b\",darkgoldenrod:\"#b8860b\",darkgray:\"#a9a9a9\",darkgreen:\"#006400\",\ndarkgrey:\"#a9a9a9\",darkkhaki:\"#bdb76b\",darkmagenta:\"#8b008b\",darkolivegreen:\"#556b2f\",darkorange:\"#ff8c00\",darkorchid:\"#9932cc\",darkred:\"#8b0000\",darksalmon:\"#e9967a\",darkseagreen:\"#8fbc8f\",darkslateblue:\"#483d8b\",darkslategray:\"#2f4f4f\",darkslategrey:\"#2f4f4f\",darkturquoise:\"#00ced1\",darkviolet:\"#9400d3\",deeppink:\"#ff1493\",deepskyblue:\"#00bfff\",dimgray:\"#696969\",dimgrey:\"#696969\",dodgerblue:\"#1e90ff\",firebrick:\"#b22222\",floralwhite:\"#fffaf0\",forestgreen:\"#228b22\",fuchsia:\"#ff00ff\",gainsboro:\"#dcdcdc\",\nghostwhite:\"#f8f8ff\",gold:\"#ffd700\",goldenrod:\"#daa520\",gray:\"#808080\",green:\"#008000\",greenyellow:\"#adff2f\",grey:\"#808080\",honeydew:\"#f0fff0\",hotpink:\"#ff69b4\",indianred:\"#cd5c5c\",indigo:\"#4b0082\",ivory:\"#fffff0\",khaki:\"#f0e68c\",lavender:\"#e6e6fa\",lavenderblush:\"#fff0f5\",lawngreen:\"#7cfc00\",lemonchiffon:\"#fffacd\",lightblue:\"#add8e6\",lightcoral:\"#f08080\",lightcyan:\"#e0ffff\",lightgoldenrodyellow:\"#fafad2\",lightgray:\"#d3d3d3\",lightgreen:\"#90ee90\",lightgrey:\"#d3d3d3\",lightpink:\"#ffb6c1\",lightsalmon:\"#ffa07a\",\nlightseagreen:\"#20b2aa\",lightskyblue:\"#87cefa\",lightslategray:\"#778899\",lightslategrey:\"#778899\",lightsteelblue:\"#b0c4de\",lightyellow:\"#ffffe0\",lime:\"#00ff00\",limegreen:\"#32cd32\",linen:\"#faf0e6\",magenta:\"#ff00ff\",maroon:\"#800000\",mediumaquamarine:\"#66cdaa\",mediumblue:\"#0000cd\",mediumorchid:\"#ba55d3\",mediumpurple:\"#9370db\",mediumseagreen:\"#3cb371\",mediumslateblue:\"#7b68ee\",mediumspringgreen:\"#00fa9a\",mediumturquoise:\"#48d1cc\",mediumvioletred:\"#c71585\",midnightblue:\"#191970\",mintcream:\"#f5fffa\",mistyrose:\"#ffe4e1\",\nmoccasin:\"#ffe4b5\",navajowhite:\"#ffdead\",navy:\"#000080\",oldlace:\"#fdf5e6\",olive:\"#808000\",olivedrab:\"#6b8e23\",orange:\"#ffa500\",orangered:\"#ff4500\",orchid:\"#da70d6\",palegoldenrod:\"#eee8aa\",palegreen:\"#98fb98\",paleturquoise:\"#afeeee\",palevioletred:\"#db7093\",papayawhip:\"#ffefd5\",peachpuff:\"#ffdab9\",peru:\"#cd853f\",pink:\"#ffc0cb\",plum:\"#dda0dd\",powderblue:\"#b0e0e6\",purple:\"#800080\",red:\"#ff0000\",rosybrown:\"#bc8f8f\",royalblue:\"#4169e1\",saddlebrown:\"#8b4513\",salmon:\"#fa8072\",sandybrown:\"#f4a460\",seagreen:\"#2e8b57\",\nseashell:\"#fff5ee\",sienna:\"#a0522d\",silver:\"#c0c0c0\",skyblue:\"#87ceeb\",slateblue:\"#6a5acd\",slategray:\"#708090\",slategrey:\"#708090\",snow:\"#fffafa\",springgreen:\"#00ff7f\",steelblue:\"#4682b4\",tan:\"#d2b48c\",teal:\"#008080\",thistle:\"#d8bfd8\",tomato:\"#ff6347\",turquoise:\"#40e0d0\",violet:\"#ee82ee\",wheat:\"#f5deb3\",white:\"#ffffff\",whitesmoke:\"#f5f5f5\",yellow:\"#ffff00\",yellowgreen:\"#9acd32\"};var ia=\"backgroundColor borderTopColor borderRightColor borderBottomColor borderLeftColor color outlineColor\".split(\" \"),ja=/#([0-9a-fA-F])([0-9a-fA-F])([0-9a-fA-F])/,ka=/^#(?:[0-9a-f]{3}){1,2}$/i,la=/^(?:rgba)?\\((\\d{1,3}),\\s?(\\d{1,3}),\\s?(\\d{1,3}),\\s?(0|1|0\\.\\d*)\\)$/i,ma=/^(?:rgb)?\\((0|[1-9]\\d{0,2}),\\s?(0|[1-9]\\d{0,2}),\\s?(0|[1-9]\\d{0,2})\\)$/i;function m(a,b){this.code=a;this.a=p[a]||r;this.message=b||\"\";a=this.a.replace(/((?:^|\\s+)[a-z])/g,function(c){return c.toUpperCase().replace(/^[\\s\\xa0]+/g,\"\")});b=a.length-5;if(0>b||a.indexOf(\"Error\",b)!=b)a+=\"Error\";this.name=a;a=Error(this.message);a.name=this.name;this.stack=a.stack||\"\"}ca(m,Error);var r=\"unknown error\",p={15:\"element not selectable\",11:\"element not visible\"};p[31]=r;p[30]=r;p[24]=\"invalid cookie domain\";p[29]=\"invalid element coordinates\";p[12]=\"invalid element state\";\np[32]=\"invalid selector\";p[51]=\"invalid selector\";p[52]=\"invalid selector\";p[17]=\"javascript error\";p[405]=\"unsupported operation\";p[34]=\"move target out of bounds\";p[27]=\"no such alert\";p[7]=\"no such element\";p[8]=\"no such frame\";p[23]=\"no such window\";p[28]=\"script timeout\";p[33]=\"session not created\";p[10]=\"stale element reference\";p[21]=\"timeout\";p[25]=\"unable to set cookie\";p[26]=\"unexpected alert open\";p[13]=r;p[9]=\"unknown command\";var u=String.prototype.trim?function(a){return a.trim()}:function(a){return/^[\\s\\xa0]*([\\s\\S]*?)[\\s\\xa0]*$/.exec(a)[1]};\nfunction na(a,b){var c=0;a=u(String(a)).split(\".\");b=u(String(b)).split(\".\");for(var e=Math.max(a.length,b.length),d=0;0==c&&d\u003Ce;d++){var f=a[d]||\"\",h=b[d]||\"\";do{f=/(\\d*)(\\D*)(.*)/.exec(f)||[\"\",\"\",\"\",\"\"];h=/(\\d*)(\\D*)(.*)/.exec(h)||[\"\",\"\",\"\",\"\"];if(0==f[0].length&&0==h[0].length)break;c=v(0==f[1].length?0:parseInt(f[1],10),0==h[1].length?0:parseInt(h[1],10))||v(0==f[2].length,0==h[2].length)||v(f[2],h[2]);f=f[3];h=h[3]}while(0==c)}return c}function v(a,b){return a\u003Cb?-1:a>b?1:0};var w;a:{var oa=g.navigator;if(oa){var sa=oa.userAgent;if(sa){w=sa;break a}}w=\"\"}function x(a){return-1!=w.indexOf(a)};function y(){return x(\"Firefox\")||x(\"FxiOS\")}function A(){return(x(\"Chrome\")||x(\"CriOS\"))&&!x(\"Edge\")};function ta(a){return String(a).replace(/\\-([a-z])/g,function(b,c){return c.toUpperCase()})};function B(){return x(\"iPhone\")&&!x(\"iPod\")&&!x(\"iPad\")};function ua(a,b){var c=va;return Object.prototype.hasOwnProperty.call(c,a)?c[a]:c[a]=b(a)};var wa=x(\"Opera\"),C=x(\"Trident\")||x(\"MSIE\"),xa=x(\"Edge\"),ya=x(\"Gecko\")&&!(-1!=w.toLowerCase().indexOf(\"webkit\")&&!x(\"Edge\"))&&!(x(\"Trident\")||x(\"MSIE\"))&&!x(\"Edge\"),za=-1!=w.toLowerCase().indexOf(\"webkit\")&&!x(\"Edge\");function Aa(){var a=g.document;return a?a.documentMode:void 0}var E;\na:{var F=\"\",G=function(){var a=w;if(ya)return/rv:([^\\);]+)(\\)|;)/.exec(a);if(xa)return/Edge\\/([\\d\\.]+)/.exec(a);if(C)return/\\b(?:MSIE|rv)[: ]([^\\);]+)(\\)|;)/.exec(a);if(za)return/WebKit\\/(\\S+)/.exec(a);if(wa)return/(?:Version)[ \\/]?(\\S+)/.exec(a)}();G&&(F=G?G[1]:\"\");if(C){var H=Aa();if(null!=H&&H>parseFloat(F)){E=String(H);break a}}E=F}var va={};function Ba(a){return ua(a,function(){return 0\u003C=na(E,a)})}var I;I=g.document&&C?Aa():void 0;var Ca=y(),Da=B()||x(\"iPod\"),Ea=x(\"iPad\"),Fa=x(\"Android\")&&!(A()||y()||x(\"Opera\")||x(\"Silk\")),Ga=A(),Ha=x(\"Safari\")&&!(A()||x(\"Coast\")||x(\"Opera\")||x(\"Edge\")||x(\"Edg/\")||x(\"OPR\")||y()||x(\"Silk\")||x(\"Android\"))&&!(B()||x(\"iPad\")||x(\"iPod\"));function J(a){return(a=a.exec(w))?a[1]:\"\"}(function(){if(Ca)return J(/Firefox\\/([0-9.]+)/);if(C||xa||wa)return E;if(Ga)return B()||x(\"iPad\")||x(\"iPod\")?J(/CriOS\\/([0-9.]+)/):J(/Chrome\\/([0-9.]+)/);if(Ha&&!(B()||x(\"iPad\")||x(\"iPod\")))return J(/Version\\/([0-9.]+)/);if(Da||Ea){var a=/Version\\/(\\S+).*Mobile\\/(\\S+)/.exec(w);if(a)return a[1]+\".\"+a[2]}else if(Fa)return(a=J(/Android\\s+([0-9.]+)/))?a:J(/Version\\/([0-9.]+)/);return\"\"})();var K;if(K=C)K=!(9\u003C=Number(I));var Ia=K;function L(a,b){this.x=void 0!==a?a:0;this.y=void 0!==b?b:0}L.prototype.ceil=function(){this.x=Math.ceil(this.x);this.y=Math.ceil(this.y);return this};L.prototype.floor=function(){this.x=Math.floor(this.x);this.y=Math.floor(this.y);return this};L.prototype.round=function(){this.x=Math.round(this.x);this.y=Math.round(this.y);return this};function M(a,b){this.width=a;this.height=b}M.prototype.aspectRatio=function(){return this.width/this.height};M.prototype.ceil=function(){this.width=Math.ceil(this.width);this.height=Math.ceil(this.height);return this};M.prototype.floor=function(){this.width=Math.floor(this.width);this.height=Math.floor(this.height);return this};M.prototype.round=function(){this.width=Math.round(this.width);this.height=Math.round(this.height);return this};function N(a){return 9==a.nodeType?a:a.ownerDocument||a.document}function Ja(a,b){a&&(a=a.parentNode);for(var c=0;a;){if(b(a))return a;a=a.parentNode;c++}return null}function Ka(a){this.a=a||g.document||document};function P(a,b){b&&\"string\"!==typeof b&&(b=b.toString());return a instanceof HTMLFormElement?!!a&&1==a.nodeType&&(!b||\"FORM\"==b):!!a&&1==a.nodeType&&(!b||a.tagName.toUpperCase()==b)};function Q(a,b,c,e){this.f=a;this.a=b;this.b=c;this.c=e}Q.prototype.ceil=function(){this.f=Math.ceil(this.f);this.a=Math.ceil(this.a);this.b=Math.ceil(this.b);this.c=Math.ceil(this.c);return this};Q.prototype.floor=function(){this.f=Math.floor(this.f);this.a=Math.floor(this.a);this.b=Math.floor(this.b);this.c=Math.floor(this.c);return this};Q.prototype.round=function(){this.f=Math.round(this.f);this.a=Math.round(this.a);this.b=Math.round(this.b);this.c=Math.round(this.c);return this};function R(a,b,c,e){this.a=a;this.b=b;this.width=c;this.height=e}R.prototype.ceil=function(){this.a=Math.ceil(this.a);this.b=Math.ceil(this.b);this.width=Math.ceil(this.width);this.height=Math.ceil(this.height);return this};R.prototype.floor=function(){this.a=Math.floor(this.a);this.b=Math.floor(this.b);this.width=Math.floor(this.width);this.height=Math.floor(this.height);return this};\nR.prototype.round=function(){this.a=Math.round(this.a);this.b=Math.round(this.b);this.width=Math.round(this.width);this.height=Math.round(this.height);return this};var La=\"function\"===typeof ShadowRoot;function S(a){for(a=a.parentNode;a&&1!=a.nodeType&&9!=a.nodeType&&11!=a.nodeType;)a=a.parentNode;return P(a)?a:null}\nfunction T(a,b){b=ta(b);if(\"float\"==b||\"cssFloat\"==b||\"styleFloat\"==b)b=Ia?\"styleFloat\":\"cssFloat\";a:{var c=b;var e=N(a);if(e.defaultView&&e.defaultView.getComputedStyle&&(e=e.defaultView.getComputedStyle(a,null))){c=e[c]||e.getPropertyValue(c)||\"\";break a}c=\"\"}a=c||Ma(a,b);if(null===a)a=null;else if(0\u003C=da(ia,b)){b:{var d=a.match(la);if(d&&(b=Number(d[1]),c=Number(d[2]),e=Number(d[3]),d=Number(d[4]),0\u003C=b&&255>=b&&0\u003C=c&&255>=c&&0\u003C=e&&255>=e&&0\u003C=d&&1>=d)){b=[b,c,e,d];break b}b=null}if(!b)b:{if(e=a.match(ma))if(b=\nNumber(e[1]),c=Number(e[2]),e=Number(e[3]),0\u003C=b&&255>=b&&0\u003C=c&&255>=c&&0\u003C=e&&255>=e){b=[b,c,e,1];break b}b=null}if(!b)b:{b=a.toLowerCase();c=ha[b.toLowerCase()];if(!c&&(c=\"#\"==b.charAt(0)?b:\"#\"+b,4==c.length&&(c=c.replace(ja,\"#$1$1$2$2$3$3\")),!ka.test(c))){b=null;break b}b=[parseInt(c.substr(1,2),16),parseInt(c.substr(3,2),16),parseInt(c.substr(5,2),16),1]}a=b?\"rgba(\"+b.join(\", \")+\")\":a}return a}\nfunction Ma(a,b){var c=a.currentStyle||a.style,e=c[b];void 0===e&&\"function\"==aa(c.getPropertyValue)&&(e=c.getPropertyValue(b));return\"inherit\"!=e?void 0!==e?e:null:(a=S(a))?Ma(a,b):null}\nfunction U(a,b,c){function e(h){var n=V(h);return 0\u003Cn.height&&0\u003Cn.width?!0:P(h,\"PATH\")&&(0\u003Cn.height||0\u003Cn.width)?(h=T(h,\"stroke-width\"),!!h&&0\u003CparseInt(h,10)):\"hidden\"!=T(h,\"overflow\")&&ea(h.childNodes,function(D){return 3==D.nodeType||P(D)&&e(D)})}function d(h){return Na(h)==W&&fa(h.childNodes,function(n){return!P(n)||d(n)||!e(n)})}if(!P(a))throw Error(\"Argument to isShown must be of type Element\");if(P(a,\"BODY\"))return!0;if(P(a,\"OPTION\")||P(a,\"OPTGROUP\"))return a=Ja(a,function(h){return P(h,\"SELECT\")}),\n!!a&&U(a,!0,c);var f=Oa(a);if(f)return!!f.image&&0\u003Cf.rect.width&&0\u003Cf.rect.height&&U(f.image,b,c);if(P(a,\"INPUT\")&&\"hidden\"==a.type.toLowerCase()||P(a,\"NOSCRIPT\"))return!1;f=T(a,\"visibility\");return\"collapse\"!=f&&\"hidden\"!=f&&c(a)&&(b||0!=Pa(a))&&e(a)?!d(a):!1}var W=\"hidden\";\nfunction Na(a){function b(k){function l(ba){if(ba==h)return!0;var pa=T(ba,\"display\");return 0==pa.lastIndexOf(\"inline\",0)||\"contents\"==pa||\"absolute\"==qa&&\"static\"==T(ba,\"position\")?!1:!0}var qa=T(k,\"position\");if(\"fixed\"==qa)return ra=!0,k==h?null:h;for(k=S(k);k&&!l(k);)k=S(k);return k}function c(k){var l=k;if(\"visible\"==D)if(k==h&&n)l=n;else if(k==n)return{x:\"visible\",y:\"visible\"};l={x:T(l,\"overflow-x\"),y:T(l,\"overflow-y\")};k==h&&(l.x=\"visible\"==l.x?\"auto\":l.x,l.y=\"visible\"==l.y?\"auto\":l.y);return l}\nfunction e(k){if(k==h){var l=(new Ka(f)).a;k=l.scrollingElement?l.scrollingElement:za||\"CSS1Compat\"!=l.compatMode?l.body||l.documentElement:l.documentElement;l=l.parentWindow||l.defaultView;k=C&&Ba(\"10\")&&l.pageYOffset!=k.scrollTop?new L(k.scrollLeft,k.scrollTop):new L(l.pageXOffset||k.scrollLeft,l.pageYOffset||k.scrollTop)}else k=new L(k.scrollLeft,k.scrollTop);return k}var d=Qa(a),f=N(a),h=f.documentElement,n=f.body,D=T(h,\"overflow\"),ra;for(a=b(a);a;a=b(a)){var q=c(a);if(\"visible\"!=q.x||\"visible\"!=\nq.y){var t=V(a);if(0==t.width||0==t.height)return W;var z=d.a\u003Ct.a,O=d.b\u003Ct.b;if(z&&\"hidden\"==q.x||O&&\"hidden\"==q.y)return W;if(z&&\"visible\"!=q.x||O&&\"visible\"!=q.y){z=e(a);O=d.b\u003Ct.b-z.y;if(d.a\u003Ct.a-z.x&&\"visible\"!=q.x||O&&\"visible\"!=q.x)return W;d=Na(a);return d==W?W:\"scroll\"}z=d.c>=t.a+t.width;t=d.f>=t.b+t.height;if(z&&\"hidden\"==q.x||t&&\"hidden\"==q.y)return W;if(z&&\"visible\"!=q.x||t&&\"visible\"!=q.y){if(ra&&(q=e(a),d.c>=h.scrollWidth-q.x||d.a>=h.scrollHeight-q.y))return W;d=Na(a);return d==W?W:\"scroll\"}}}return\"none\"}\nfunction V(a){var b=Oa(a);if(b)return b.rect;if(P(a,\"HTML\"))return a=N(a),a=((a?a.parentWindow||a.defaultView:window)||window).document,a=\"CSS1Compat\"==a.compatMode?a.documentElement:a.body,a=new M(a.clientWidth,a.clientHeight),new R(0,0,a.width,a.height);try{var c=a.getBoundingClientRect()}catch(e){return new R(0,0,0,0)}b=new R(c.left,c.top,c.right-c.left,c.bottom-c.top);C&&a.ownerDocument.body&&(a=N(a),b.a-=a.documentElement.clientLeft+a.body.clientLeft,b.b-=a.documentElement.clientTop+a.body.clientTop);\nreturn b}\nfunction Oa(a){var b=P(a,\"MAP\");if(!b&&!P(a,\"AREA\"))return null;var c=b?a:P(a.parentNode,\"MAP\")?a.parentNode:null,e=null,d=null;if(c&&c.name){e='*[usemap=\"#'+c.name+'\"]';c=N(c);var f;if(f=\"function\"!=aa(c.querySelector)&&C&&(C?0\u003C=na(I,8):Ba(8))){f=c.querySelector;var h=typeof f;f=!(\"object\"==h&&null!=f||\"function\"==h)}if(f)throw Error(\"CSS selection is not supported\");if(!e)throw new m(32,\"No selector specified\");e=u(e);try{var n=c.querySelector(e)}catch(D){throw new m(32,\"An invalid or illegal selector was specified\");}if(e=\nn&&1==n.nodeType?n:null)d=V(e),b||\"default\"==a.shape.toLowerCase()||(a=Ra(a),b=Math.min(Math.max(a.a,0),d.width),n=Math.min(Math.max(a.b,0),d.height),d=new R(b+d.a,n+d.b,Math.min(a.width,d.width-b),Math.min(a.height,d.height-n)))}return{image:e,rect:d||new R(0,0,0,0)}}\nfunction Ra(a){var b=a.shape.toLowerCase();a=a.coords.split(\",\");if(\"rect\"==b&&4==a.length){b=a[0];var c=a[1];return new R(b,c,a[2]-b,a[3]-c)}if(\"circle\"==b&&3==a.length)return b=a[2],new R(a[0]-b,a[1]-b,2*b,2*b);if(\"poly\"==b&&2\u003Ca.length){b=a[0];c=a[1];for(var e=b,d=c,f=2;f+1\u003Ca.length;f+=2)b=Math.min(b,a[f]),e=Math.max(e,a[f]),c=Math.min(c,a[f+1]),d=Math.max(d,a[f+1]);return new R(b,c,e-b,d-c)}return new R(0,0,0,0)}function Qa(a){a=V(a);return new Q(a.b,a.a+a.width,a.b+a.height,a.a)}\nfunction Pa(a){if(Ia){if(\"relative\"==T(a,\"position\"))return 1;a=T(a,\"filter\");return(a=a.match(/^alpha\\(opacity=(\\d*)\\)/)||a.match(/^progid:DXImageTransform.Microsoft.Alpha\\(Opacity=(\\d*)\\)/))?Number(a[1])/100:1}return Sa(a)}function Sa(a){var b=1,c=T(a,\"opacity\");c&&(b=Number(c));(a=S(a))&&(b*=Sa(a));return b};function Ta(a,b){function c(e){if(P(e)&&\"none\"==T(e,\"display\"))return!1;var d;if((d=e.parentNode)&&d.shadowRoot&&void 0!==e.assignedSlot)d=e.assignedSlot?e.assignedSlot.parentNode:null;else if(e.getDestinationInsertionPoints){var f=e.getDestinationInsertionPoints();0\u003Cf.length&&(d=f[f.length-1])}if(La&&d instanceof ShadowRoot){if(d.host.shadowRoot&&d.host.shadowRoot!==d)return!1;d=d.host}return!d||9!=d.nodeType&&11!=d.nodeType?d&&P(d,\"DETAILS\")&&!d.open&&!P(e,\"SUMMARY\")?!1:!!d&&c(d):!0}return U(a,\n!!b,c)}var X=[\"_\"],Y=g;X[0]in Y||\"undefined\"==typeof Y.execScript||Y.execScript(\"var \"+X[0]);for(var Z;X.length&&(Z=X.shift());)X.length||void 0===Ta?Y[Z]&&Y[Z]!==Object.prototype[Z]?Y=Y[Z]:Y=Y[Z]={}:Y[Z]=Ta;; return this._.apply(null,arguments);}).apply({navigator:typeof window!='undefined'?window.navigator:null,document:typeof window!='undefined'?window.document:null}, arguments);}).apply(null, arguments)"
}
[1779734636.251][INFO]: Waiting for pending navigations...
[1779734636.251][DEBUG]: DevTools WebSocket Command: Runtime.evaluate (id=270) (session_id=C343CF4352215FB366222828881A9632) 317BCE1B69ADD5E2CB8896729B0FD2F0 {
   "expression": "1"
}
[1779734636.251][DEBUG]: DevTools WebSocket Response: Runtime.evaluate (id=270) (session_id=C343CF4352215FB366222828881A9632) 317BCE1B69ADD5E2CB8896729B0FD2F0 {
   "result": {
      "description": "1",
      "type": "number",
      "value": 1
   }
}
[1779734636.251][INFO]: Done waiting for pending navigations. Status: ok
[1779734636.251][DEBUG]: DevTools WebSocket Command: Page.getFrameTree (id=271) (session_id=C343CF4352215FB366222828881A9632) 317BCE1B69ADD5E2CB8896729B0FD2F0 {
}
[1779734636.251][DEBUG]: DevTools WebSocket Response: Page.getFrameTree (id=271) (session_id=C343CF4352215FB366222828881A9632) 317BCE1B69ADD5E2CB8896729B0FD2F0 {
   "frameTree": {
      "frame": {
         "adFrameStatus": {
            "adFrameType": "none"
         },
         "crossOriginIsolatedContextType": "NotIsolated",
         "domainAndRegistry": "",
         "gatedAPIFeatures": [  ],
         "id": "317BCE1B69ADD5E2CB8896729B0FD2F0",
         "loaderId": "2C21B7B2370530493067CC90F3A2B5D4",
         "mimeType": "text/html",
         "secureContextType": "SecureLocalhost",
         "securityOrigin": "http://localhost:3001",
         "securityOriginDetails": {
            "isLocalhost": true
         },
         "url": "http://localhost:3001/38/"
      }
   }
}
[1779734636.251][DEBUG]: DevTools WebSocket Command: DOM.resolveNode (id=272) (session_id=C343CF4352215FB366222828881A9632) 317BCE1B69ADD5E2CB8896729B0FD2F0 {
   "backendNodeId": 17,
   "objectGroup": "f7eb9ccb-165a-482f-8b19-e70db199d1fd"
}
[1779734636.252][DEBUG]: DevTools WebSocket Response: DOM.resolveNode (id=272) (session_id=C343CF4352215FB366222828881A9632) 317BCE1B69ADD5E2CB8896729B0FD2F0 {
   "object": {
      "className": "HTMLSpanElement",
      "description": "span.text-sm.font-semibold.whitespace-nowrap",
      "objectId": "4035418071753636418.1.82",
      "subtype": "node",
      "type": "object"
   }
}
[1779734636.252][DEBUG]: DevTools WebSocket Command: Page.getFrameTree (id=273) (session_id=C343CF4352215FB366222828881A9632) 317BCE1B69ADD5E2CB8896729B0FD2F0 {
}
[1779734636.252][DEBUG]: DevTools WebSocket Response: Page.getFrameTree (id=273) (session_id=C343CF4352215FB366222828881A9632) 317BCE1B69ADD5E2CB8896729B0FD2F0 {
   "frameTree": {
      "frame": {
         "adFrameStatus": {
            "adFrameType": "none"
         },
         "crossOriginIsolatedContextType": "NotIsolated",
         "domainAndRegistry": "",
         "gatedAPIFeatures": [  ],
         "id": "317BCE1B69ADD5E2CB8896729B0FD2F0",
         "loaderId": "2C21B7B2370530493067CC90F3A2B5D4",
         "mimeType": "text/html",
         "secureContextType": "SecureLocalhost",
         "securityOrigin": "http://localhost:3001",
         "securityOriginDetails": {
            "isLocalhost": true
         },
         "url": "http://localhost:3001/38/"
      }
   }
}
[1779734636.253][DEBUG]: DevTools WebSocket Command: Runtime.callFunctionOn (id=274) (session_id=C343CF4352215FB366222828881A9632) 317BCE1B69ADD5E2CB8896729B0FD2F0 {
   "arguments": [ {
      "objectId": "4035418071753636418.1.82"
   } ],
   "awaitPromise": true,
   "functionDeclaration": "function(){ return (function() { // Copyright 2012 The Chromium Authors\n// Use of this source code is governed by a BSD-style license that can be\n// found in the LICENSE file.\n\n/**\n * Enum for WebD...",
   "objectGroup": "f7eb9ccb-165a-482f-8b19-e70db199d1fd",
   "serializationOptions": {
      "serialization": "deep"
   },
   "uniqueContextId": "2750693019167562417.1494659916094996533"
}
[1779734636.254][DEBUG]: DevTools WebSocket Response: Runtime.callFunctionOn (id=274) (session_id=C343CF4352215FB366222828881A9632) 317BCE1B69ADD5E2CB8896729B0FD2F0 {
   "result": {
      "className": "Array",
      "deepSerializedValue": {
         "type": "array",
         "value": [ {
            "type": "string",
            "value": "{\"status\":0,\"value\":true}"
         } ]
      },
      "description": "Array(1)",
      "objectId": "4035418071753636418.1.83",
      "subtype": "array",
      "type": "object"
   }
}
[1779734636.254][DEBUG]: DevTools WebSocket Command: Runtime.releaseObjectGroup (id=275) (session_id=C343CF4352215FB366222828881A9632) 317BCE1B69ADD5E2CB8896729B0FD2F0 {
   "objectGroup": "f7eb9ccb-165a-482f-8b19-e70db199d1fd"
}
[1779734636.254][INFO]: Waiting for pending navigations...
[1779734636.254][DEBUG]: DevTools WebSocket Command: Runtime.evaluate (id=276) (session_id=C343CF4352215FB366222828881A9632) 317BCE1B69ADD5E2CB8896729B0FD2F0 {
   "expression": "1"
}
[1779734636.255][DEBUG]: DevTools WebSocket Response: Runtime.releaseObjectGroup (id=275) (session_id=C343CF4352215FB366222828881A9632) 317BCE1B69ADD5E2CB8896729B0FD2F0 {
}
[1779734636.255][DEBUG]: DevTools WebSocket Response: Runtime.evaluate (id=276) (session_id=C343CF4352215FB366222828881A9632) 317BCE1B69ADD5E2CB8896729B0FD2F0 {
   "result": {
      "description": "1",
      "type": "number",
      "value": 1
   }
}
[1779734636.255][INFO]: Done waiting for pending navigations. Status: ok
[1779734636.255][INFO]: [a35b00a5256d9587b3fd79578b6fec5c] RESPONSE ExecuteScript true
[1779734636.256][INFO]: [a35b00a5256d9587b3fd79578b6fec5c] COMMAND FindElements {
   "using": "css selector",
   "value": "span.text-sm.font-semibold.whitespace-nowrap"
}
[1779734636.256][INFO]: Waiting for pending navigations...
[1779734636.256][DEBUG]: DevTools WebSocket Command: Runtime.evaluate (id=277) (session_id=C343CF4352215FB366222828881A9632) 317BCE1B69ADD5E2CB8896729B0FD2F0 {
   "expression": "1"
}
[1779734636.256][DEBUG]: DevTools WebSocket Response: Runtime.evaluate (id=277) (session_id=C343CF4352215FB366222828881A9632) 317BCE1B69ADD5E2CB8896729B0FD2F0 {
   "result": {
      "description": "1",
      "type": "number",
      "value": 1
   }
}
[1779734636.256][INFO]: Done waiting for pending navigations. Status: ok
[1779734636.256][DEBUG]: DevTools WebSocket Command: Page.getFrameTree (id=278) (session_id=C343CF4352215FB366222828881A9632) 317BCE1B69ADD5E2CB8896729B0FD2F0 {
}
[1779734636.257][DEBUG]: DevTools WebSocket Response: Page.getFrameTree (id=278) (session_id=C343CF4352215FB366222828881A9632) 317BCE1B69ADD5E2CB8896729B0FD2F0 {
   "frameTree": {
      "frame": {
         "adFrameStatus": {
            "adFrameType": "none"
         },
         "crossOriginIsolatedContextType": "NotIsolated",
         "domainAndRegistry": "",
         "gatedAPIFeatures": [  ],
         "id": "317BCE1B69ADD5E2CB8896729B0FD2F0",
         "loaderId": "2C21B7B2370530493067CC90F3A2B5D4",
         "mimeType": "text/html",
         "secureContextType": "SecureLocalhost",
         "securityOrigin": "http://localhost:3001",
         "securityOriginDetails": {
            "isLocalhost": true
         },
         "url": "http://localhost:3001/38/"
      }
   }
}
[1779734636.257][DEBUG]: DevTools WebSocket Command: Page.getFrameTree (id=279) (session_id=C343CF4352215FB366222828881A9632) 317BCE1B69ADD5E2CB8896729B0FD2F0 {
}
[1779734636.257][DEBUG]: DevTools WebSocket Response: Page.getFrameTree (id=279) (session_id=C343CF4352215FB366222828881A9632) 317BCE1B69ADD5E2CB8896729B0FD2F0 {
   "frameTree": {
      "frame": {
         "adFrameStatus": {
            "adFrameType": "none"
         },
         "crossOriginIsolatedContextType": "NotIsolated",
         "domainAndRegistry": "",
         "gatedAPIFeatures": [  ],
         "id": "317BCE1B69ADD5E2CB8896729B0FD2F0",
         "loaderId": "2C21B7B2370530493067CC90F3A2B5D4",
         "mimeType": "text/html",
         "secureContextType": "SecureLocalhost",
         "securityOrigin": "http://localhost:3001",
         "securityOriginDetails": {
            "isLocalhost": true
         },
         "url": "http://localhost:3001/38/"
      }
   }
}
[1779734636.257][DEBUG]: DevTools WebSocket Command: Runtime.callFunctionOn (id=280) (session_id=C343CF4352215FB366222828881A9632) 317BCE1B69ADD5E2CB8896729B0FD2F0 {
   "arguments": [  ],
   "awaitPromise": true,
   "functionDeclaration": "function(){ return (function() { // Copyright 2012 The Chromium Authors\n// Use of this source code is governed by a BSD-style license that can be\n// found in the LICENSE file.\n\n/**\n * Enum for WebD...",
   "serializationOptions": {
      "serialization": "deep"
   },
   "uniqueContextId": "2750693019167562417.1494659916094996533"
}
[1779734636.259][DEBUG]: DevTools WebSocket Response: Runtime.callFunctionOn (id=280) (session_id=C343CF4352215FB366222828881A9632) 317BCE1B69ADD5E2CB8896729B0FD2F0 {
   "result": {
      "className": "Array",
      "deepSerializedValue": {
         "type": "array",
         "value": [ {
            "type": "string",
            "value": "{\"status\":0,\"value\":[{\"element-6066-11e4-a52e-4f735466cecf\":0}]}"
         }, {
            "type": "node",
            "value": {
               "attributes": {
                  "aria-describedby": ":rp:",
                  "class": "text-sm font-semibold whitespace-nowrap ",
                  "style": "color: rgb(29, 78, 216);"
               },
               "backendNodeId": 17,
               "childNodeCount": 1,
               "loaderId": "2C21B7B2370530493067CC90F3A2B5D4",
               "localName": "span",
               "namespaceURI": "http://www.w3.org/1999/xhtml",
               "nodeType": 1,
               "shadowRoot": null
            }
         } ]
      },
      "description": "Array(2)",
      "objectId": "4035418071753636418.1.84",
      "subtype": "array",
      "type": "object"
   }
}
[1779734636.259][INFO]: Waiting for pending navigations...
[1779734636.259][DEBUG]: DevTools WebSocket Command: Runtime.evaluate (id=281) (session_id=C343CF4352215FB366222828881A9632) 317BCE1B69ADD5E2CB8896729B0FD2F0 {
   "expression": "1"
}
[1779734636.259][DEBUG]: DevTools WebSocket Response: Runtime.evaluate (id=281) (session_id=C343CF4352215FB366222828881A9632) 317BCE1B69ADD5E2CB8896729B0FD2F0 {
   "result": {
      "description": "1",
      "type": "number",
      "value": 1
   }
}
[1779734636.259][INFO]: Done waiting for pending navigations. Status: ok
[1779734636.259][INFO]: [a35b00a5256d9587b3fd79578b6fec5c] RESPONSE FindElements [ {
   "element-6066-11e4-a52e-4f735466cecf": "f.317BCE1B69ADD5E2CB8896729B0FD2F0.d.2C21B7B2370530493067CC90F3A2B5D4.e.17"
} ]
[1779734636.260][INFO]: [a35b00a5256d9587b3fd79578b6fec5c] COMMAND GetElementText {
   "id": "f.317BCE1B69ADD5E2CB8896729B0FD2F0.d.2C21B7B2370530493067CC90F3A2B5D4.e.17"
}
[1779734636.260][INFO]: Waiting for pending navigations...
[1779734636.260][DEBUG]: DevTools WebSocket Command: Runtime.evaluate (id=282) (session_id=C343CF4352215FB366222828881A9632) 317BCE1B69ADD5E2CB8896729B0FD2F0 {
   "expression": "1"
}
[1779734636.260][DEBUG]: DevTools WebSocket Response: Runtime.evaluate (id=282) (session_id=C343CF4352215FB366222828881A9632) 317BCE1B69ADD5E2CB8896729B0FD2F0 {
   "result": {
      "description": "1",
      "type": "number",
      "value": 1
   }
}
[1779734636.260][INFO]: Done waiting for pending navigations. Status: ok
[1779734636.260][DEBUG]: DevTools WebSocket Command: Page.getFrameTree (id=283) (session_id=C343CF4352215FB366222828881A9632) 317BCE1B69ADD5E2CB8896729B0FD2F0 {
}
[1779734636.260][DEBUG]: DevTools WebSocket Response: Page.getFrameTree (id=283) (session_id=C343CF4352215FB366222828881A9632) 317BCE1B69ADD5E2CB8896729B0FD2F0 {
   "frameTree": {
      "frame": {
         "adFrameStatus": {
            "adFrameType": "none"
         },
         "crossOriginIsolatedContextType": "NotIsolated",
         "domainAndRegistry": "",
         "gatedAPIFeatures": [  ],
         "id": "317BCE1B69ADD5E2CB8896729B0FD2F0",
         "loaderId": "2C21B7B2370530493067CC90F3A2B5D4",
         "mimeType": "text/html",
         "secureContextType": "SecureLocalhost",
         "securityOrigin": "http://localhost:3001",
         "securityOriginDetails": {
            "isLocalhost": true
         },
         "url": "http://localhost:3001/38/"
      }
   }
}
[1779734636.260][DEBUG]: DevTools WebSocket Command: DOM.resolveNode (id=284) (session_id=C343CF4352215FB366222828881A9632) 317BCE1B69ADD5E2CB8896729B0FD2F0 {
   "backendNodeId": 17,
   "objectGroup": "edd7a18b-0a0f-4116-9ac0-0c452783ead5"
}
[1779734636.260][DEBUG]: DevTools WebSocket Response: DOM.resolveNode (id=284) (session_id=C343CF4352215FB366222828881A9632) 317BCE1B69ADD5E2CB8896729B0FD2F0 {
   "object": {
      "className": "HTMLSpanElement",
      "description": "span.text-sm.font-semibold.whitespace-nowrap",
      "objectId": "4035418071753636418.1.85",
      "subtype": "node",
      "type": "object"
   }
}
[1779734636.260][DEBUG]: DevTools WebSocket Command: Page.getFrameTree (id=285) (session_id=C343CF4352215FB366222828881A9632) 317BCE1B69ADD5E2CB8896729B0FD2F0 {
}
[1779734636.261][DEBUG]: DevTools WebSocket Response: Page.getFrameTree (id=285) (session_id=C343CF4352215FB366222828881A9632) 317BCE1B69ADD5E2CB8896729B0FD2F0 {
   "frameTree": {
      "frame": {
         "adFrameStatus": {
            "adFrameType": "none"
         },
         "crossOriginIsolatedContextType": "NotIsolated",
         "domainAndRegistry": "",
         "gatedAPIFeatures": [  ],
         "id": "317BCE1B69ADD5E2CB8896729B0FD2F0",
         "loaderId": "2C21B7B2370530493067CC90F3A2B5D4",
         "mimeType": "text/html",
         "secureContextType": "SecureLocalhost",
         "securityOrigin": "http://localhost:3001",
         "securityOriginDetails": {
            "isLocalhost": true
         },
         "url": "http://localhost:3001/38/"
      }
   }
}
[1779734636.261][DEBUG]: DevTools WebSocket Command: Runtime.callFunctionOn (id=286) (session_id=C343CF4352215FB366222828881A9632) 317BCE1B69ADD5E2CB8896729B0FD2F0 {
   "arguments": [ {
      "objectId": "4035418071753636418.1.85"
   } ],
   "awaitPromise": true,
   "functionDeclaration": "function(){ return (function() { // Copyright 2012 The Chromium Authors\n// Use of this source code is governed by a BSD-style license that can be\n// found in the LICENSE file.\n\n/**\n * Enum for WebD...",
   "objectGroup": "edd7a18b-0a0f-4116-9ac0-0c452783ead5",
   "serializationOptions": {
      "serialization": "deep"
   },
   "uniqueContextId": "2750693019167562417.1494659916094996533"
}
[1779734636.266][DEBUG]: DevTools WebSocket Response: Runtime.callFunctionOn (id=286) (session_id=C343CF4352215FB366222828881A9632) 317BCE1B69ADD5E2CB8896729B0FD2F0 {
   "result": {
      "className": "Array",
      "deepSerializedValue": {
         "type": "array",
         "value": [ {
            "type": "string",
            "value": "{\"status\":0,\"value\":\"7-06-0114-01 ППм\"}"
         } ]
      },
      "description": "Array(1)",
      "objectId": "4035418071753636418.1.86",
      "subtype": "array",
      "type": "object"
   }
}
[1779734636.266][DEBUG]: DevTools WebSocket Command: Runtime.releaseObjectGroup (id=287) (session_id=C343CF4352215FB366222828881A9632) 317BCE1B69ADD5E2CB8896729B0FD2F0 {
   "objectGroup": "edd7a18b-0a0f-4116-9ac0-0c452783ead5"
}
[1779734636.266][INFO]: Waiting for pending navigations...
[1779734636.266][DEBUG]: DevTools WebSocket Command: Runtime.evaluate (id=288) (session_id=C343CF4352215FB366222828881A9632) 317BCE1B69ADD5E2CB8896729B0FD2F0 {
   "expression": "1"
}
[1779734636.267][DEBUG]: DevTools WebSocket Response: Runtime.releaseObjectGroup (id=287) (session_id=C343CF4352215FB366222828881A9632) 317BCE1B69ADD5E2CB8896729B0FD2F0 {
}
[1779734636.267][DEBUG]: DevTools WebSocket Response: Runtime.evaluate (id=288) (session_id=C343CF4352215FB366222828881A9632) 317BCE1B69ADD5E2CB8896729B0FD2F0 {
   "result": {
      "description": "1",
      "type": "number",
      "value": 1
   }
}
[1779734636.267][INFO]: Done waiting for pending navigations. Status: ok
[1779734636.267][INFO]: [a35b00a5256d9587b3fd79578b6fec5c] RESPONSE GetElementText "7-06-0114-01 ППм"
[1779734636.270][INFO]: [a35b00a5256d9587b3fd79578b6fec5c] COMMAND Screenshot {
}
[1779734636.270][INFO]: Waiting for pending navigations...
[1779734636.270][DEBUG]: DevTools WebSocket Command: Runtime.evaluate (id=289) (session_id=C343CF4352215FB366222828881A9632) 317BCE1B69ADD5E2CB8896729B0FD2F0 {
   "expression": "1"
}
[1779734636.271][DEBUG]: DevTools WebSocket Response: Runtime.evaluate (id=289) (session_id=C343CF4352215FB366222828881A9632) 317BCE1B69ADD5E2CB8896729B0FD2F0 {
   "result": {
      "description": "1",
      "type": "number",
      "value": 1
   }
}
[1779734636.271][INFO]: Done waiting for pending navigations. Status: ok
[1779734636.271][DEBUG]: DevTools WebSocket Command: Target.activateTarget (id=290) (session_id=) browser {
   "targetId": "317BCE1B69ADD5E2CB8896729B0FD2F0"
}
[1779734636.273][DEBUG]: DevTools WebSocket Response: Target.activateTarget (id=290) (session_id=) browser {
}
[1779734636.273][DEBUG]: DevTools WebSocket Command: Page.captureScreenshot (id=291) (session_id=C343CF4352215FB366222828881A9632) 317BCE1B69ADD5E2CB8896729B0FD2F0 {
}
[1779734636.369][DEBUG]: DevTools WebSocket Response: Page.captureScreenshot (id=291) (session_id=C343CF4352215FB366222828881A9632) 317BCE1B69ADD5E2CB8896729B0FD2F0 {
   "data": "iVBORw0KGgoAAAANSUhEUgAACWAAAATYCAIAAAAUYWvhAAABLGlDQ1BfAAB4nJWQPUsDQRCGH0NA1DSiooXFlWnUJGI+UAsTNWiZKES7y+UIYhKPy4n2af0R1naCjQipbawEKxEbe0Gwje/dFReQFJlhdp59d9jdGYgtIYunoN3x3Eq5aNROTo3JTybkgZlW12G0q..."
}
[1779734636.369][INFO]: Waiting for pending navigations...
[1779734636.369][DEBUG]: DevTools WebSocket Command: Runtime.evaluate (id=292) (session_id=C343CF4352215FB366222828881A9632) 317BCE1B69ADD5E2CB8896729B0FD2F0 {
   "expression": "1"
}
[1779734636.369][DEBUG]: DevTools WebSocket Response: Runtime.evaluate (id=292) (session_id=C343CF4352215FB366222828881A9632) 317BCE1B69ADD5E2CB8896729B0FD2F0 {
   "result": {
      "description": "1",
      "type": "number",
      "value": 1
   }
}
[1779734636.369][INFO]: Done waiting for pending navigations. Status: ok
[1779734636.369][INFO]: [a35b00a5256d9587b3fd79578b6fec5c] RESPONSE Screenshot "iVBORw0KGgoAAAANSUhEUgAACWAAAATYCAIAAAAUYWvhAAABLGlDQ1BfAAB4nJWQPUsDQRCGH0NA1DSiooXFlWnUJGI+UAsTNWiZKES7y+UIYhKPy4n2af0R1naCjQipbawEKxEbe0Gwje/dFReQFJlhdp59d9jdGYgtIYunoN3x3Eq5aNROTo3JTybkgZlW12G0q..."
[1779734636.377][INFO]: [a35b00a5256d9587b3fd79578b6fec5c] COMMAND Quit {
}
[1779734636.429][INFO]: [a35b00a5256d9587b3fd79578b6fec5c] RESPONSE Quit
[1779734636.429][DEBUG]: Log type 'driver' lost 0 entries on destruction
[1779734636.429][DEBUG]: Log type 'browser' lost 6 entries on destruction
